itemName,itemUrl,itemProgress,itemProgresst
高级前端开发工程师直播课①,https://study.163.com/course/courseMain.htm?courseId=1209491866,,
零基础转行入职新媒体运营,https://study.163.com/course/courseMain.htm?courseId=1004122012,,
企业网络 规划设计与配置实战,https://study.163.com/course/courseMain.htm?courseId=1005452053,,
Python全栈工程师系列直播课,https://study.163.com/course/courseMain.htm?courseId=1209514874,,
西餐礼仪，你知多少？,https://study.163.com/course/courseMain.htm?courseId=657005,,
90%面试题都可套用的『三三原则』,https://study.163.com/course/courseMain.htm?courseId=1003605057,,
法律公开课,https://study.163.com/course/courseMain.htm?courseId=1003291002,,
超简单！圆珠笔也能轻松画插画,https://study.163.com/course/courseMain.htm?courseId=1209505802,0,0
佛陀传：释迦牟尼佛的成佛之路,https://study.163.com/course/courseMain.htm?courseId=1209483912,0,0
CFO的凤凰涅槃路--会计职业规划,https://study.163.com/course/courseMain.htm?courseId=1209492809,,
寒蝉摄影工作室：人像摄影编修,https://study.163.com/course/courseMain.htm?courseId=1209503809,0,0
口才技巧：演讲主持辩论职场社交,https://study.163.com/course/courseMain.htm?courseId=1209503815,0,0
基于vue-cli3的Vue入门系列教程,https://study.163.com/course/courseMain.htm?courseId=1209512828,0,0
阿里巴巴运营培训1688诚信通运营,https://study.163.com/course/courseMain.htm?courseId=1209514875,0,0
秦虢脉诊,https://study.163.com/course/courseMain.htm?courseId=1209534815,0,0
零基础至商务英语BEC初级冲刺,https://study.163.com/course/courseMain.htm?courseId=1209512906,0,0
Python+OpenCV图像处理,https://study.163.com/course/courseMain.htm?courseId=1005317018,,
印象笔记速用指南,https://study.163.com/course/courseMain.htm?courseId=1209337802,,
职场必备的EXCEL实用技巧,https://study.163.com/course/courseMain.htm?courseId=1209424805,,
HR必备Excel常用十大函数视频课,https://study.163.com/course/courseMain.htm?courseId=1209453900,,
中医基础理论,https://study.163.com/course/courseMain.htm?courseId=1002829003,0,0
影视拍摄技巧与摄像实例教学,https://study.163.com/course/courseMain.htm?courseId=1003046006,0,0
NLP——深度学习,https://study.163.com/course/courseMain.htm?courseId=1209482829,0,0
优秀室内设计师必备的自我修养,https://study.163.com/course/courseMain.htm?courseId=1006383105,0,0
职场人际沟通必备技能,https://study.163.com/course/courseMain.htm?courseId=1002858002,,
情绪管理：高情商的奥秘,https://study.163.com/course/courseMain.htm?courseId=1209158813,,
公文及材料写作技巧提升培训,https://study.163.com/course/courseMain.htm?courseId=1209491859,,
TBBT冷知识-极客的自我修养,https://study.163.com/course/courseMain.htm?courseId=1160006,,
excel商业图表实战1000例 第1季,https://study.163.com/course/courseMain.htm?courseId=1209161826,,
旁门左道PPT案例课,https://study.163.com/course/courseMain.htm?courseId=1209147837,0,0
中小企业，中小微企业如何融资,https://study.163.com/course/courseMain.htm?courseId=1209274803,,
PPT达人炼成记（基础篇）,https://study.163.com/course/courseMain.htm?courseId=1003320018,,
《永久版》Linux测试环境搭建,https://study.163.com/course/courseMain.htm?courseId=1209329937,,
测试工程师系列直播课①,https://study.163.com/course/courseMain.htm?courseId=1209334860,0,0
和东东一起学高效能思维导图,https://study.163.com/course/courseMain.htm?courseId=1209451865,,
3-6岁孩子要纠正的15个习惯,https://study.163.com/course/courseMain.htm?courseId=1209426875,0,0
极简：三小时学会Office的艺术,https://study.163.com/course/courseMain.htm?courseId=1209453892,,
售前工程师系列视频课程【基础篇】,https://study.163.com/course/courseMain.htm?courseId=1005118013,,
Python可视化分析(Pyecharts),https://study.163.com/course/courseMain.htm?courseId=1005228011,,
和秋叶一起学时间管理,https://study.163.com/course/courseMain.htm?courseId=967019,0,0
Python入门到项目实战全套教程,https://study.163.com/course/courseMain.htm?courseId=1006078212,,
《数据分析师 （Python）》体验课,https://mooc.study.163.com/learn/term/2402996001.htm,0,0
营销心理学：创业必学技能推荐,https://study.163.com/course/courseMain.htm?courseId=1002998023,,
PMP®项目管理—免费课程,https://study.163.com/course/courseMain.htm?courseId=1209320827,,
数据获取的N种方式(网络爬虫),https://study.163.com/course/courseMain.htm?courseId=1003790005,,
产品经理技术课,https://study.163.com/course/courseMain.htm?courseId=1006127004,,
数据分析师(Python)系列直播课,https://study.163.com/course/courseMain.htm?courseId=1209333824,,
压力管理从心开始,https://study.163.com/course/courseMain.htm?courseId=1209455817,,
Python应用基础-直播课,https://study.163.com/course/courseMain.htm?courseId=1209189831,,
「交互式培训」课程设计私房课,https://study.163.com/course/courseMain.htm?courseId=1209384810,,
「DISC行为风格」职场必修课,https://study.163.com/course/courseMain.htm?courseId=1208971814,,
零基础小白学运营,https://study.163.com/course/courseMain.htm?courseId=1209485814,,
webpack最佳入门实践,https://study.163.com/course/courseMain.htm?courseId=1004960043,,
个人品牌入门到精通,https://study.163.com/course/courseMain.htm?courseId=1002752015,,
全方位认识理财规划师的九堂课,https://study.163.com/course/courseMain.htm?courseId=1005040005,,
时间管理那就是一个笑话,https://study.163.com/course/courseMain.htm?courseId=1209489821,,
小白必学的营养膳食课,https://study.163.com/course/courseMain.htm?courseId=1003148010,0,0
房地产企业年报分析,https://study.163.com/course/courseMain.htm?courseId=1003335004,,
家电企业年报分析,https://study.163.com/course/courseMain.htm?courseId=1003333011,0,0
BAT互联网企业年报分析,https://study.163.com/course/courseMain.htm?courseId=1003332001,0,0
Python机器学习快速入门,https://study.163.com/course/courseMain.htm?courseId=1209432914,0,0
Python基础—数据科学方向,https://study.163.com/course/courseMain.htm?courseId=1004317005,0,0
人工智能中的python入门到精通,https://study.163.com/course/courseMain.htm?courseId=1006529020,,
N多种魔方 打包一起学,https://study.163.com/course/courseMain.htm?courseId=1005504002,0,0
Python图形用户界面:wxPython,https://study.163.com/course/courseMain.htm?courseId=1005281023,,
《成本管理，从入门到精通》,https://study.163.com/course/courseMain.htm?courseId=1293010,,
Python爬取房价进行数据分析,https://study.163.com/course/courseMain.htm?courseId=1005455010,,
高效时间管理——职场提升宝典,https://study.163.com/course/courseMain.htm?courseId=1155006,,
从零开始学运营-请移步修整版,https://study.163.com/course/courseMain.htm?courseId=1002883011,,
Python应用基础直播课,https://study.163.com/course/courseMain.htm?courseId=1005639011,,
Python Flask系列（1）——基础,https://study.163.com/course/courseMain.htm?courseId=1004091002,0,0
强化学习(Python),https://study.163.com/course/courseMain.htm?courseId=1003598006,,
如何免费搭建一个专业的企业网站,https://study.163.com/course/courseMain.htm?courseId=1209407813,0,0
银行业年报分析,https://study.163.com/course/courseMain.htm?courseId=1003336007,0,0
资金、往来、存货管理,https://study.163.com/course/courseMain.htm?courseId=1003682018,0,0
《如何做项目可行性分析》,https://study.163.com/course/courseMain.htm?courseId=1350020,,
如何记账,https://study.163.com/course/courseMain.htm?courseId=1003321001,,
薪酬，所得税，报表,https://study.163.com/course/courseMain.htm?courseId=1003687010,,
逃离死工资，工薪族快速30万财富,https://study.163.com/course/courseMain.htm?courseId=1209448867,,
商学课丨经营管理与商业模式,https://study.163.com/course/courseMain.htm?courseId=1209425819,,
财报入门课(财务报表),https://study.163.com/course/courseMain.htm?courseId=1004128023,,
用Power BI的历史老师,https://study.163.com/course/courseMain.htm?courseId=1209331975,0,0
平面设计色彩配色常识零基础教程,https://study.163.com/course/courseMain.htm?courseId=1208962806,0,0
艺术设计与产品造型,https://study.163.com/course/courseMain.htm?courseId=1193005,0,0
从数据到图表—Excel版,https://study.163.com/course/courseMain.htm?courseId=1003621009,,
简单学演讲,https://study.163.com/course/courseMain.htm?courseId=1003301001,,
逻辑思考力—说、写、思的技术,https://study.163.com/course/courseMain.htm?courseId=1003607059,,
拨云见日PowerBI,https://study.163.com/course/courseMain.htm?courseId=1209451831,0,0
2019Linux私有云运维实战教程,https://study.163.com/course/courseMain.htm?courseId=1209332887,,
Python 界面编程 Tkinter详解,https://study.163.com/course/courseMain.htm?courseId=1209232809,,
奔走相告的效率神器、网站、软件,https://study.163.com/course/courseMain.htm?courseId=1005912010,0,0
人工智能前沿与产业趋势,https://study.163.com/course/courseMain.htm?courseId=1003792051,,
右脑思维游戏,https://study.163.com/course/courseMain.htm?courseId=1004602019,,
NO1[年度好课]马云带你看懂未来,https://study.163.com/course/courseMain.htm?courseId=1006427024,,
新概念英语第二册,https://study.163.com/course/courseMain.htm?courseId=1209507808,0,0
财务报表分析解读,https://study.163.com/course/courseMain.htm?courseId=1342006,,
从一笔保单贷款开始构建保险体系,https://study.163.com/course/courseMain.htm?courseId=1005444010,,
Markdown快速入门,https://study.163.com/course/courseMain.htm?courseId=1209429912,,
命令执行自动化挖掘与利用,https://study.163.com/course/courseMain.htm?courseId=1209451829,0,0
20个副业项目 让你1月多赚1万,https://study.163.com/course/courseMain.htm?courseId=1209329929,0,0
若风实战讲堂,https://study.163.com/course/courseMain.htm?courseId=1209426811,0,0
土建造价实操-建筑识图,https://study.163.com/course/courseMain.htm?courseId=1005956001,,
48天，Excel技能脱胎换骨,https://study.163.com/course/courseMain.htm?courseId=1005018006,,
室内设计家装预算，造价项目分享,https://study.163.com/course/courseMain.htm?courseId=1209199824,,
美食摄影：配色、光影的视觉盛宴,https://study.163.com/course/courseMain.htm?courseId=1209492831,0,0
初阶性感人像摄影-Motel篇,https://study.163.com/course/courseMain.htm?courseId=1209495817,0,0
十分钟学会经典管理工具,https://study.163.com/course/courseMain.htm?courseId=1445002,,
成为PPT高手的7个锦囊,https://study.163.com/course/courseMain.htm?courseId=1004577051,,
郎咸平：面向未来的创新思维,https://study.163.com/course/courseMain.htm?courseId=224009,,
一看即会Photoshop 完全自学教程,https://study.163.com/course/courseMain.htm?courseId=1209428860,0,0
认识幼儿腹泻便秘,https://study.163.com/course/courseMain.htm?courseId=1209424859,0,0
儿童性教育，现在就开始！,https://study.163.com/course/courseMain.htm?courseId=1209427825,0,0
PowerQuery数据处理入门课程,https://study.163.com/course/courseMain.htm?courseId=1006378110,0,0
产品经理选择职业-职场第一课,https://study.163.com/course/courseMain.htm?courseId=1209405907,,
打动人心的秘密，个性的角色设计,https://study.163.com/course/courseMain.htm?courseId=1209468819,0,0
情感恋爱脱单9期课程,https://study.163.com/course/courseMain.htm?courseId=1209465819,0,0
5分钟练就沟通“六大心法”,https://study.163.com/course/courseMain.htm?courseId=1128027,,
股票投资初级课,https://study.163.com/course/courseMain.htm?courseId=1005307009,,
好家长才有好孩子,https://study.163.com/course/courseMain.htm?courseId=776011,,
亲子沟通秘笈《微亲子》第一季,https://study.163.com/course/courseMain.htm?courseId=425003,,
babystep育儿课堂（2至3岁）,https://study.163.com/course/courseMain.htm?courseId=1604003,0,0
babystep育儿课堂（1至2岁）,https://study.163.com/course/courseMain.htm?courseId=1606004,0,0
创新思维：如何寻找好创意,https://study.163.com/course/courseMain.htm?courseId=1151021,,
完美父母,https://study.163.com/course/courseMain.htm?courseId=1437006,,
小儿发烧的家庭防治,https://study.163.com/course/courseMain.htm?courseId=309004,,
Crash Course--《10分钟经济学》,https://study.163.com/course/courseMain.htm?courseId=1003640028,,
尚学堂_报表制作(JFreeChart),https://study.163.com/course/courseMain.htm?courseId=1063004,,
儿童自护第一课，5类情况如何跑,https://study.163.com/course/courseMain.htm?courseId=1006079241,,
Excel2016进阶篇之图表制作,https://study.163.com/course/courseMain.htm?courseId=1005045022,0,0
设计训练营,https://study.163.com/course/courseMain.htm?courseId=1005692001,,
Linux运维与网络云计算,https://study.163.com/course/courseMain.htm?courseId=1005574006,,
《Python 应用基础》微专业体验课,https://mooc.study.163.com/learn/term/2402998002.htm,,
PPT设计思维：高端发布会PPT制作,https://study.163.com/course/courseMain.htm?courseId=1209338808,,
PPT高手常用20个工具,https://study.163.com/course/courseMain.htm?courseId=1005568003,,
成人自学直达流利口语第1季,https://study.163.com/course/courseMain.htm?courseId=1459015,,
Linux系统管理与运维（完整版）,https://study.163.com/course/courseMain.htm?courseId=1003227025,,
高效表达：三大必备职场表达术,https://study.163.com/course/courseMain.htm?courseId=1004016042,,
PPT版式设计思维：80个实战版式,https://study.163.com/course/courseMain.htm?courseId=1209370814,0,0
微信公众号和微信支付入门,https://study.163.com/course/courseMain.htm?courseId=1209182855,0,0
Python从入门到精通课（零基础）,https://study.163.com/course/courseMain.htm?courseId=1209332928,0,0
提升你的产品演讲技巧,https://study.163.com/course/courseMain.htm?courseId=1004111092,,
职场应用文写作,https://study.163.com/course/courseMain.htm?courseId=1004491001,,
新概念英语第一册,https://study.163.com/course/courseMain.htm?courseId=1003808071,,
前端自学面试找工作必备知识,https://study.163.com/course/courseMain.htm?courseId=1005210001,,
git新手入门最佳指南,https://study.163.com/course/courseMain.htm?courseId=1209208803,,
玩转信用卡的四大理财功能,https://study.163.com/course/courseMain.htm?courseId=1004578030,,
html+css零基础转行入门实战80课,https://study.163.com/course/courseMain.htm?courseId=1004713057,0,0
商务实战礼仪,https://study.163.com/course/courseMain.htm?courseId=1376005,,
室内家装CAD施工图方案设计师,https://study.163.com/course/courseMain.htm?courseId=1004603024,,
Excel技高一筹，神乎其技,https://study.163.com/course/courseMain.htm?courseId=1005603016,,
活动全案策划+招商策略+活动执行,https://study.163.com/course/courseMain.htm?courseId=1004269002,,
Android Studio入门到精通,https://study.163.com/course/courseMain.htm?courseId=1005646017,0,0
2020年初级会计职称双科完整录播,https://study.163.com/course/courseMain.htm?courseId=1006357024,,
职场必修课——商务PPT精英训练营,https://study.163.com/course/courseMain.htm?courseId=1003221018,,
《2019年 初级会计实务》,https://study.163.com/course/courseMain.htm?courseId=1436032,,
信息安全数学基础,https://mooc.study.163.com/learn/term/1000003013.htm,,
物联网开发，So easy!,https://study.163.com/course/courseMain.htm?courseId=1005783026,,
15节课教你掌控自己的时间和生活,https://study.163.com/course/courseMain.htm?courseId=1004113001,,
从记忆菜鸟到记忆大师,https://study.163.com/course/courseMain.htm?courseId=1096044,0,0
【福利】锐普的PPT基础课,https://study.163.com/course/courseMain.htm?courseId=1006408009,,
总裁说:职场快速进化指南,https://study.163.com/course/courseMain.htm?courseId=1005222012,,
Excel数据处理思维,https://study.163.com/course/courseMain.htm?courseId=1005320012,,
策略性商务谈判中的谋略运用,https://study.163.com/course/courseMain.htm?courseId=716008,,
Excel2016从入门到精通【176节】,https://study.163.com/course/courseMain.htm?courseId=1005085018,0,0
Excel数组公式从入门到忘记,https://study.163.com/course/courseMain.htm?courseId=1004835010,,
Python数据分析,https://study.163.com/course/courseMain.htm?courseId=1004467007,0,0
微信小程序零基础制作入门,https://study.163.com/course/courseMain.htm?courseId=1004068042,,
18年Linux运维/零基础入门实战,https://study.163.com/course/courseMain.htm?courseId=956005,,
轻松读书2019直播（每周更新）,https://study.163.com/course/courseMain.htm?courseId=1208878841,,
微信小程序零基础到项目实战,https://study.163.com/course/courseMain.htm?courseId=1208961810,,
商业百年,https://study.163.com/course/courseMain.htm?courseId=1003164004,,
零基础学编程进入互联网高薪之路,https://study.163.com/course/courseMain.htm?courseId=1004515002,,
[160节]Excel函数基础到精通课程,https://study.163.com/course/courseMain.htm?courseId=1003791014,,
手机摄影从入门到高手全套教程,https://study.163.com/course/courseMain.htm?courseId=1005974003,0,0
《明朝那些事儿》精华解读,https://study.163.com/course/courseMain.htm?courseId=1006355060,,
Python数据科学入门,https://study.163.com/course/courseMain.htm?courseId=1005011010,,
《数据分析师Excel+SQL》体验课,https://mooc.study.163.com/learn/term/2402989001.htm,,
玩转无领导小组讨论,https://study.163.com/course/courseMain.htm?courseId=1003200011,,
结构化思维：高效能人士的思考习惯,https://study.163.com/course/courseMain.htm?courseId=982001,,
育才-如何培训才有效-达梦青山焱企业内训课程,https://study.163.com/course/courseMain.htm?courseId=1152017,,
30分钟学会Xmind8思维导图,https://study.163.com/course/courseMain.htm?courseId=1005279063,,
Redis视频（NoSQL数据库技术）,https://study.163.com/course/courseMain.htm?courseId=1003806066,,
EXCEL VBA基础入门,https://study.163.com/course/courseMain.htm?courseId=1003673044,0,0
Excel办公自动化——ExcelVBA,https://study.163.com/course/courseMain.htm?courseId=1002938006,0,0
魔鬼搭讪约会学,https://study.163.com/course/courseMain.htm?courseId=518003,,
恋爱学堂－最实用的恋爱教学（男士篇）,https://study.163.com/course/courseMain.htm?courseId=1002789010,,
中美贸易摩擦下企业的应对之策,https://study.163.com/course/courseMain.htm?courseId=1209333830,,
如何成为职业化员工,https://study.163.com/course/courseMain.htm?courseId=710006,,
【免费】跨界学习：学习方法探索,https://study.163.com/course/courseMain.htm?courseId=1005473002,,
轻松读书51：高效能人士的七个习惯,https://study.163.com/course/courseMain.htm?courseId=595021,,
交换法则,https://study.163.com/course/courseMain.htm?courseId=1002873002,,
无压生产力的艺术,https://study.163.com/course/courseMain.htm?courseId=1005532023,,
轻松读书62期：谈话的力量,https://study.163.com/course/courseMain.htm?courseId=781017,,
轻松拒绝的艺术,https://study.163.com/course/courseMain.htm?courseId=1240003,,
像现金流游戏一样理财,https://study.163.com/course/courseMain.htm?courseId=1005098007,,
挑战年薪20万：大型博客系统开发,https://study.163.com/course/courseMain.htm?courseId=1004720017,,
做项目学习Django2.0开发,https://study.163.com/course/courseMain.htm?courseId=1005359010,,
生活中的实用心理战术（视频版）,https://study.163.com/course/courseMain.htm?courseId=1547008,,
行动学习,https://study.163.com/course/courseMain.htm?courseId=854082,,
沟通获得好人缘,https://study.163.com/course/courseMain.htm?courseId=1209001,,
软件测试2小时入门,https://study.163.com/course/courseMain.htm?courseId=1004794006,,
软件测试管理工具禅道,https://study.163.com/course/courseMain.htm?courseId=1005114022,0,0
Django 框架深度剖析,https://study.163.com/course/courseMain.htm?courseId=1004642004,,
形态性格密码之M特点简析,https://study.163.com/course/courseMain.htm?courseId=1006086011,,
陪孩子读绘本的正确姿势,https://study.163.com/course/courseMain.htm?courseId=1005099007,0,0
Memcached合集篇,https://study.163.com/course/courseMain.htm?courseId=1004601018,0,0
《产品经理入门指南》入门方法,https://study.163.com/course/courseMain.htm?courseId=629001,,
从数据到管理：Excel仪表板制作,https://study.163.com/course/courseMain.htm?courseId=1004762006,,
如何快速搞定论文排版,https://study.163.com/course/courseMain.htm?courseId=1004995016,0,0
零基础素描入门课,https://study.163.com/course/courseMain.htm?courseId=1005425002,0,0
视频剪辑【更新中】,https://study.163.com/course/courseMain.htm?courseId=1006528030,0,0
平面设计广告设计就业实战系统课,https://study.163.com/course/courseMain.htm?courseId=1006536049,0,0
让PPT既快又好的9个小技巧,https://study.163.com/course/courseMain.htm?courseId=1006234009,,
大脑图像记忆核心原理,https://study.163.com/course/courseMain.htm?courseId=1208913804,,
松坡老师的投资大师清单课（初）,https://study.163.com/course/courseMain.htm?courseId=1208907803,,
Excel的世界观由此改变—《表格之道》免费版,https://study.163.com/course/courseMain.htm?courseId=359002,,
曾仕强老师教你中国式管理,https://study.163.com/course/courseMain.htm?courseId=704119,,
圆通的人际关系,https://study.163.com/course/courseMain.htm?courseId=716016,,
管理者如何做好角色定位,https://study.163.com/course/courseMain.htm?courseId=717006,,
商业灯光系统小课程,https://study.163.com/course/courseMain.htm?courseId=1209330009,,
叶檀的20堂投资实战课,https://study.163.com/course/courseMain.htm?courseId=1006462029,,
行动学习,https://study.163.com/course/courseMain.htm?courseId=1003596026,,
50万摄影爱好者的100个共通问题,https://study.163.com/course/courseMain.htm?courseId=1005461001,0,0
《产品经理深入浅出》夯实基础,https://study.163.com/course/courseMain.htm?courseId=382025,,
小程序运营推广详解,https://study.163.com/course/courseMain.htm?courseId=1004773007,0,0
统计分析轻松入门,https://study.163.com/course/courseMain.htm?courseId=1005232026,0,0
《数据可视化》微专业体验课,https://mooc.study.163.com/learn/term/2402979001.htm,0,0
MBA郭子仪写作16年真题精讲,https://study.163.com/course/courseMain.htm?courseId=1209333865,0,0
管理类联考数学系统课,https://study.163.com/course/courseMain.htm?courseId=1005320002,0,0
管理类联考逻辑-形式逻辑,https://study.163.com/course/courseMain.htm?courseId=1005681020,0,0
股权激励方案设计与实施法律实务,https://study.163.com/course/courseMain.htm?courseId=1002812008,0,0
打造高效执行力,https://study.163.com/course/courseMain.htm?courseId=1209321839,,
创新思维设计,https://study.163.com/course/courseMain.htm?courseId=1209326826,,
现场可视化改善,https://study.163.com/course/courseMain.htm?courseId=274017,,
企业内训师（TTT）授课技巧,https://study.163.com/course/courseMain.htm?courseId=1209335831,,
告别学生思维，成为职场达人,https://study.163.com/course/courseMain.htm?courseId=1003953002,,
学会这四招 成为职场老鸟,https://study.163.com/course/courseMain.htm?courseId=1209333915,,
10分钟心理学速成,https://study.163.com/course/courseMain.htm?courseId=1003649021,,
0基础学好销售话术，你也可以,https://study.163.com/course/courseMain.htm?courseId=1208878850,,
简七小白理财训练营,https://study.163.com/course/courseMain.htm?courseId=1209133804,,
职场必杀技，25天练就好口才！,https://study.163.com/course/courseMain.htm?courseId=1004032023,,
什么是使命、愿景和价值观？,https://study.163.com/course/courseMain.htm?courseId=1209319814,,
经理人一小时学会看财报,https://study.163.com/course/courseMain.htm?courseId=385012,,
管理与人生智慧,https://study.163.com/course/courseMain.htm?courseId=379002,,
管理者如何提升语言表达艺术,https://study.163.com/course/courseMain.htm?courseId=668004,,
卓越领导力的十堂必修课,https://study.163.com/course/courseMain.htm?courseId=1217014,,
软件项目管理实战,https://study.163.com/course/courseMain.htm?courseId=1006448037,,
项目管理系列之一 项目管理简介和启动,https://study.163.com/course/courseMain.htm?courseId=898001,,
项目管理十大模板,https://study.163.com/course/courseMain.htm?courseId=1599010,,
AutoCAD超级速成,https://study.163.com/course/courseMain.htm?courseId=912002,,
旁门左道PPT福利课,https://study.163.com/course/courseMain.htm?courseId=1006430009,,
山本情感课堂-素云老师vip高级班,https://study.163.com/course/courseMain.htm?courseId=1006122023,0,0
恋爱聊天技巧快速脱单VIP课程,https://study.163.com/course/courseMain.htm?courseId=1006128003,,
3分钟玩爆<EXCEL操作技能>,https://study.163.com/course/courseMain.htm?courseId=1644002,,
如何让服饰突显个人色彩,https://study.163.com/course/courseMain.htm?courseId=263006,,
会议纪要写作精讲,https://study.163.com/course/courseMain.htm?courseId=1004700018,,
Word高效排版视频教学,https://study.163.com/course/courseMain.htm?courseId=1005639012,,
PMP和ACP考试认证【免费版】,https://study.163.com/course/courseMain.htm?courseId=854061,,
精读全球好书100本【第一季】,https://study.163.com/course/courseMain.htm?courseId=1006379026,,
如何报税，开发票,https://study.163.com/course/courseMain.htm?courseId=1003322001,,
SPSS轻松入门,https://study.163.com/course/courseMain.htm?courseId=1004033003,,
Excel图表：20种最常见图表制作,https://study.163.com/course/courseMain.htm?courseId=1004770005,,
设计美术,https://study.163.com/course/courseMain.htm?courseId=1006191028,,
Axure高保真原型：APP设计制作（已官方认证）,https://study.163.com/course/courseMain.htm?courseId=1083029,,
收割offer的7堂课,https://study.163.com/course/courseMain.htm?courseId=1003455007,,
网易Linux微专业直播答疑,https://study.163.com/course/courseMain.htm?courseId=1004820003,,
网络安全从入门到进阶,https://study.163.com/course/courseMain.htm?courseId=1006417034,,
跟码农学Excel 2019,https://study.163.com/course/courseMain.htm?courseId=1006466026,,
Excel职场痛点之数据整理,https://study.163.com/course/courseMain.htm?courseId=1005595003,,
顶尖职业精英心态修炼-征服老板搞定客户,https://study.163.com/course/courseMain.htm?courseId=669019,,
邢不行—量化小讲堂,https://study.163.com/course/courseMain.htm?courseId=1209095813,0,0
Excel信息图表-让图表说话,https://study.163.com/course/courseMain.htm?courseId=1209016807,,
生涯规划咨询师教你如何修改简历,https://study.163.com/course/courseMain.htm?courseId=1005114013,,
易经（第二季）永久,https://study.163.com/course/courseMain.htm?courseId=1002967016,,
战略级生涯规划,https://study.163.com/course/courseMain.htm?courseId=1006130019,,
如何制作数据分析师简历,https://study.163.com/course/courseMain.htm?courseId=1003621008,,
选对职业赚大钱-职业生涯规划,https://study.163.com/course/courseMain.htm?courseId=1002842010,,
AutoCAD三维建模全套视频教程,https://study.163.com/course/courseMain.htm?courseId=1005414007,,
Python Django 快速Web开发入门,https://study.163.com/course/courseMain.htm?courseId=320022,,
CAD2004 05 06 从入门到精通,https://study.163.com/course/courseMain.htm?courseId=1003224024,,
AutoCAD2014 快速入门自学教程,https://study.163.com/course/courseMain.htm?courseId=385002,,
CAD快速入门 室内设计精品自学教程,https://study.163.com/course/courseMain.htm?courseId=1004725030,,
三节课，让职业发展快人一步,https://study.163.com/course/courseMain.htm?courseId=1209332911,,
重构你喜爱的人生,https://study.163.com/course/courseMain.htm?courseId=1002869005,,
事业规划重要性、运维前景和技能,https://study.163.com/course/courseMain.htm?courseId=1208888809,,
EDP：职业生涯规划与事业发展,https://study.163.com/course/courseMain.htm?courseId=1003599028,,
格局致胜,https://study.163.com/course/courseMain.htm?courseId=1002715002,,
教你写文案 练成标题党,https://study.163.com/course/courseMain.htm?courseId=1003001010,,
用思维导图认识国内金融机构,https://study.163.com/course/courseMain.htm?courseId=1003701007,,
重拾意志力,https://study.163.com/course/courseMain.htm?courseId=1002839014,,
别说你懂葡萄酒,https://study.163.com/course/courseMain.htm?courseId=1443005,,
变化时代IT项目经理的成长要求,https://study.163.com/course/courseMain.htm?courseId=1455004,,
成为IT项目经理必须要跨过的坎！,https://study.163.com/course/courseMain.htm?courseId=1002730007,,
IT项目管理[深入浅出],https://study.163.com/course/courseMain.htm?courseId=1064005,,
物业管理全生命周期,https://study.163.com/course/courseMain.htm?courseId=1209168866,,
提升形象做一个“性感”男人,https://study.163.com/course/courseMain.htm?courseId=1005456031,,
咪蒙的新媒体爆款文案之道,https://study.163.com/course/courseMain.htm?courseId=1003204047,,
Project实战教程,https://study.163.com/course/courseMain.htm?courseId=1003672037,,
易经（第一季）永久,https://study.163.com/course/courseMain.htm?courseId=1002962051,,
小资金快速翻十倍的炒股实战课,https://study.163.com/course/courseMain.htm?courseId=1006443007,,
打造成功职场形象,https://study.163.com/course/courseMain.htm?courseId=1005100003,,
提升个人魅力，从个人品牌开始！,https://study.163.com/course/courseMain.htm?courseId=1004077037,,
科研中的哲学问题和套路实例,https://study.163.com/course/courseMain.htm?courseId=1003151013,,
工作中常用数据分析方法,https://study.163.com/course/courseMain.htm?courseId=1616001,,
60分钟+，零基础玩转动态仪表盘,https://study.163.com/course/courseMain.htm?courseId=1209120807,,
Excel2013 商务图表制作高级教程,https://study.163.com/course/courseMain.htm?courseId=1084018,,
数据分析师（Excel+SQL）直播课,https://study.163.com/course/courseMain.htm?courseId=1005117028,,
PS零基础入门进阶中级/职业提升,https://study.163.com/course/courseMain.htm?courseId=1006015232,,
企业制度化建设技巧课程,https://study.163.com/course/courseMain.htm?courseId=1006222001,,
Vue.js入门,https://study.163.com/course/courseMain.htm?courseId=1006379104,0,0
如何更快速的胜任财务工作,https://study.163.com/course/courseMain.htm?courseId=1003283024,,
玛吉薇蒳冥想：减压安睡宝典,https://study.163.com/course/courseMain.htm?courseId=1006378093,,
ps证件照神速排版（免费版）,https://study.163.com/course/courseMain.htm?courseId=1334001,,
情绪管理：高情商的奥秘（体验）,https://study.163.com/course/courseMain.htm?courseId=692002,,
将英语变成母语,https://study.163.com/course/courseMain.htm?courseId=1119010,,
Arduino初级课程,https://study.163.com/course/courseMain.htm?courseId=194002,,
轻松读书59期：21年IT路,https://study.163.com/course/courseMain.htm?courseId=726003,,
轻松读书37期：内向者优势,https://study.163.com/course/courseMain.htm?courseId=501007,,
轻松读书48期：如何阅读一本书,https://study.163.com/course/courseMain.htm?courseId=567005,,
Excel商业智能案例/R信用风险建模,https://study.163.com/course/courseMain.htm?courseId=1002994046,,
重构你的月计划,https://study.163.com/course/courseMain.htm?courseId=1005061006,,
摄影器材选购完全指南,https://study.163.com/course/courseMain.htm?courseId=1004074040,,
形象照后期精修教程,https://study.163.com/course/courseMain.htm?courseId=1208943835,0,0
【免费】知识输出极简指南,https://study.163.com/course/courseMain.htm?courseId=1006364004,,
拯救你的记忆 I 变身记忆达人！,https://study.163.com/course/courseMain.htm?courseId=1005207008,,
外企高管教你求职和面试技巧,https://study.163.com/course/courseMain.htm?courseId=1005275023,0,0
购物中心门店数据化运营全解析,https://study.163.com/course/courseMain.htm?courseId=1005938039,,
腾讯文档入门,https://study.163.com/course/courseMain.htm?courseId=1006381094,,
金融原来这么有趣,https://study.163.com/course/courseMain.htm?courseId=1003624005,,
PS+AI+PPT设计小课堂【领跑教育],https://study.163.com/course/courseMain.htm?courseId=1319001,0,0
黄承亮魔法记忆让你快速提高记忆,https://study.163.com/course/courseMain.htm?courseId=1006187076,,
根叔的种子,https://study.163.com/course/courseMain.htm?courseId=1002962019,,
让你大脑开窍的哈佛心智训练,https://study.163.com/course/courseMain.htm?courseId=1006386084,,
大客户营销团队的管理建议,https://study.163.com/course/courseMain.htm?courseId=1006386053,0,0
投行必备证书 -CFA备考第一课,https://study.163.com/course/courseMain.htm?courseId=1003003017,,
大神门徒,https://study.163.com/course/courseMain.htm?courseId=1004459003,,
产品经理微专业系列直播课,https://study.163.com/course/courseMain.htm?courseId=1005313001,,
Python开发实战案例之网络爬虫,https://study.163.com/course/courseMain.htm?courseId=1006084209,,
知识管理：系统构建三维知识体系,https://study.163.com/course/courseMain.htm?courseId=1005856001,,
重构你的年计划,https://study.163.com/course/courseMain.htm?courseId=1005046007,,
战略思维--孙子兵法,https://study.163.com/course/courseMain.htm?courseId=1002854004,,
面试 | 向面试官清晰有力展示自我,https://study.163.com/course/courseMain.htm?courseId=1675005,,
牛羊肉,https://study.163.com/course/courseMain.htm?courseId=1003777024,,
视听琐谈,https://study.163.com/course/courseMain.htm?courseId=1003065001,0,0
2017年MBA/MPAcc/MPA/MEM逻辑基础课程,https://study.163.com/course/courseMain.htm?courseId=1003292001,,
财务自由的第一步个人财商整体观,https://study.163.com/course/courseMain.htm?courseId=1003734016,,
互联网项目管理系列直播,https://study.163.com/course/courseMain.htm?courseId=1005306004,,
零基础快速部署linux服务器环境,https://study.163.com/course/courseMain.htm?courseId=1005096005,,
一分钟童趣简笔画,https://study.163.com/course/courseMain.htm?courseId=1002913020,0,0
零尤克里里轻松学——基础入门教学,https://study.163.com/course/courseMain.htm?courseId=1712015,0,0
premiere教程-oeasy教你玩转pr教程(premiere),https://study.163.com/course/courseMain.htm?courseId=674012,0,0
从零到高手 吉他入门标准教程,https://study.163.com/course/courseMain.htm?courseId=821008,,
大数据运维入门,https://study.163.com/course/courseMain.htm?courseId=1004726030,,
跟明朗学演说,https://study.163.com/course/courseMain.htm?courseId=1004554001,0,0
简七理财之小白理财入门篇9堂课,https://study.163.com/course/courseMain.htm?courseId=781006,,
Python Web开发工程师系列直播课,https://study.163.com/course/courseMain.htm?courseId=1005319002,,
用Python从零打造自己的电影网站,https://study.163.com/course/courseMain.htm?courseId=1005564010,,
看风水不求人-寅荷家居办公解灾,https://study.163.com/course/courseMain.htm?courseId=1671001,,
XMind操作基础教程,https://study.163.com/course/courseMain.htm?courseId=1003911013,,
和外教中教一起学英语口语,https://study.163.com/course/courseMain.htm?courseId=1018083,,
价值百万的HR课程人力资源（一）,https://study.163.com/course/courseMain.htm?courseId=1005651021,,
网络攻防/网络安全/网站安全实战,https://study.163.com/course/courseMain.htm?courseId=1005836020,0,0
狼族摄影公开课-第二季,https://study.163.com/course/courseMain.htm?courseId=1003956003,,
管理心理学之技巧和理论,https://study.163.com/course/courseMain.htm?courseId=1002791012,,
轻松读书53期：番茄工作法,https://study.163.com/course/courseMain.htm?courseId=622004,,
AI-计算机视觉微专业系列直播课,https://study.163.com/course/courseMain.htm?courseId=1006062382,0,0
人民攻摄：零基础轻松搞定摄影,https://study.163.com/course/courseMain.htm?courseId=1003220022,,
小程序开发工程师直播课,https://study.163.com/course/courseMain.htm?courseId=1005357006,,
前端开发工程师微专业系列直播课,https://study.163.com/course/courseMain.htm?courseId=1005439003,0,0
Oracle从入门到精通,https://study.163.com/course/courseMain.htm?courseId=1509008,,
word教程-oeasy教你玩转Word教程,https://study.163.com/course/courseMain.htm?courseId=265005,,
和老钱学IBM商务PPT之软件宝典,https://study.163.com/course/courseMain.htm?courseId=1003840008,,
老钱职场PPT高手六脉神剑互动篇,https://study.163.com/course/courseMain.htm?courseId=1003838005,,
无构成，不设计!平面设计师必修课,https://study.163.com/course/courseMain.htm?courseId=1004397002,,
【简快阅读33】交易心理——掌控市场持续盈利,https://study.163.com/course/courseMain.htm?courseId=1434034,,
吴恩达机器学习,https://study.163.com/course/courseMain.htm?courseId=1004570029,0,0
简七理财教你找高收益靠谱P2P平台,https://study.163.com/course/courseMain.htm?courseId=967016,,
简七理财之简七教你挑选合适的保险,https://study.163.com/course/courseMain.htm?courseId=1011046,,
【简快阅读46】关键20小时，快速学会任何技能,https://study.163.com/course/courseMain.htm?courseId=1002817008,,
离职纠纷处理实务,https://study.163.com/course/courseMain.htm?courseId=1002960019,,
做好PPT，你需要知道这6件事,https://study.163.com/course/courseMain.htm?courseId=1002960027,,
AI零基础入门课程-新手小白学习必看,https://study.163.com/course/courseMain.htm?courseId=1661002,,
oeasy教你玩转色彩构成,https://study.163.com/course/courseMain.htm?courseId=666019,0,0
扑克魔术,https://study.163.com/course/courseMain.htm?courseId=212006,,
2016新版Ps平面设计基础及进阶,https://study.163.com/course/courseMain.htm?courseId=1002741003,,
玩转摄影：案例教学＋重点讲解,https://study.163.com/course/courseMain.htm?courseId=1004001012,,
狼族摄影公开课-第一季,https://study.163.com/course/courseMain.htm?courseId=1003945059,0,0
超易懂零基础魔方教程——三阶魔方初级入门,https://study.163.com/course/courseMain.htm?courseId=1438003,,
【免费】Excel高手进阶30个姿势,https://study.163.com/course/courseMain.htm?courseId=1003202005,,
数据分析师（Python）系列直播课,https://study.163.com/course/courseMain.htm?courseId=1004775033,,
话说用户体验,https://study.163.com/course/courseMain.htm?courseId=902011,,
摄影直播大讲堂,https://study.163.com/course/courseMain.htm?courseId=1003401012,,
超有趣手机拍照教学,https://study.163.com/course/courseMain.htm?courseId=1003308019,,
轻松读书：职场精英都在看的读书笔记PPT,https://study.163.com/course/courseMain.htm?courseId=832005,,
九型人格与职业生涯规划（PPT版 性格优势）,https://study.163.com/course/courseMain.htm?courseId=1454029,,
跟王佩丰学Excel视频教程：Excel实战1800分钟,https://study.163.com/course/courseMain.htm?courseId=670032,0,0
Bootstrap视频教程,https://study.163.com/course/courseMain.htm?courseId=1017002,,
Bootstrap 4：CSS 与 JS 框架,https://study.163.com/course/courseMain.htm?courseId=1005206018,,
网易大咖教你技术入门第1课,https://study.163.com/course/courseMain.htm?courseId=1002922001,,
装饰装修设计师超级宝典,https://study.163.com/course/courseMain.htm?courseId=237002,,
正经生活志,https://study.163.com/course/courseMain.htm?courseId=1003550004,,
朱研讲家装之风水篇,https://study.163.com/course/courseMain.htm?courseId=240001,,
HTML5 Web开发进入新时代视频教程,https://study.163.com/course/courseMain.htm?courseId=1003197008,,
网易教你成为年薪30W的设计师,https://study.163.com/course/courseMain.htm?courseId=1004886009,,
从零开始构建地产人数据思维,https://study.163.com/course/courseMain.htm?courseId=1004275014,,
亲子沟通，怎么说孩子才会听,https://study.163.com/course/courseMain.htm?courseId=1004043012,,
什么样的亲子关系，才是最完美的.,https://study.163.com/course/courseMain.htm?courseId=1004729020,0,0
商务沟通技巧,https://study.163.com/course/courseMain.htm?courseId=710007,,
《逻辑思维与口才》（初级）,https://study.163.com/course/courseMain.htm?courseId=958001,,
30天玩爆<数据透视表>,https://study.163.com/course/courseMain.htm?courseId=1476009,,
人力资源体系与规划（更新）,https://study.163.com/course/courseMain.htm?courseId=217001,,
假期攻略：放假提升能力8堂必修课,https://study.163.com/course/courseMain.htm?courseId=1004988019,,
WORD实用小技巧集锦（免费视频版）,https://study.163.com/course/courseMain.htm?courseId=1002937007,,
二语习得在中国,https://study.163.com/course/courseMain.htm?courseId=1005015006,,
果蔬挑选小窍门,https://study.163.com/course/courseMain.htm?courseId=212011,,
求职：实用的求职技巧和经验,https://study.163.com/course/courseMain.htm?courseId=341010,0,0
职场幽默风趣技巧,https://study.163.com/course/courseMain.htm?courseId=706106,,
求职面试 | 500强HR助力求职战役,https://study.163.com/course/courseMain.htm?courseId=1002863002,0,0
演讲口才精品课,https://study.163.com/course/courseMain.htm?courseId=1003006004,,
一个激进起步的展示,https://study.163.com/course/courseMain.htm?courseId=1005165037,,
Python零基础到项目实战,https://study.163.com/course/courseMain.htm?courseId=1005227009,,
思维导图,https://study.163.com/course/courseMain.htm?courseId=1004128030,,
2018客道讲堂精品课程合集,https://study.163.com/course/courseMain.htm?courseId=1004912006,,
高大上的PPT设计秘笈 人气体验版,https://study.163.com/course/courseMain.htm?courseId=1003050007,,
学习之道,https://study.163.com/course/courseMain.htm?courseId=1004710054,,
结构化思维,https://study.163.com/course/courseMain.htm?courseId=1004772003,,
人人都能懂宏观经济,https://study.163.com/course/courseMain.htm?courseId=1005227017,,
冯注龙的零基础PPT教程,https://study.163.com/course/courseMain.htm?courseId=1003383001,,
6个失传的销售心法,https://study.163.com/course/courseMain.htm?courseId=1003207002,,
人人都能会买房,https://study.163.com/course/courseMain.htm?courseId=1005210037,,
独立思考养成手册,https://study.163.com/course/courseMain.htm?courseId=1003664011,,
沟通交际 l 纵横职场说话三法则,https://study.163.com/course/courseMain.htm?courseId=1002754015,,
30个Word常见棘手问题解决方法,https://study.163.com/course/courseMain.htm?courseId=986028,,
理财规划全攻略：追赶财富君的脚步,https://study.163.com/course/courseMain.htm?courseId=809011,,
实现百万梦想的理财工具你也能上手,https://study.163.com/course/courseMain.htm?courseId=1003420006,,
人人都能学理财-零基础理财入门,https://study.163.com/course/courseMain.htm?courseId=1004035013,,
掌握六节职场礼仪，为自己加分！,https://study.163.com/course/courseMain.htm?courseId=1004786010,,
职场人必备的基金投资指南,https://study.163.com/course/courseMain.htm?courseId=1005094027,,
3分钟学炒股,https://study.163.com/course/courseMain.htm?courseId=1005181012,,
告别加班：8条极简工作之道,https://study.163.com/course/courseMain.htm?courseId=1004775048,,
给职场新人的Excel课,https://study.163.com/course/courseMain.htm?courseId=1002886001,,
Abby学摄影（第1季）,https://study.163.com/course/courseMain.htm?courseId=214017,,
互联网金融用户增长的数据逻辑,https://study.163.com/course/courseMain.htm?courseId=1005122004,0,0
留学必须要解决的12个问题,https://study.163.com/course/courseMain.htm?courseId=1003271007,,
职业思维|九大实操执行力提升法,https://study.163.com/course/courseMain.htm?courseId=1003844462,,
如何避开决策误区？,https://study.163.com/course/courseMain.htm?courseId=1004273002,,
时间管理 l 读书时间管理新法则,https://study.163.com/course/courseMain.htm?courseId=1002851010,,
认识儿童,https://study.163.com/course/courseMain.htm?courseId=1003844464,,
写给不是设计师的ps课程（第二卷）,https://study.163.com/course/courseMain.htm?courseId=1003122015,,
提高办公效率必学的键盘操作技巧,https://study.163.com/course/courseMain.htm?courseId=1003046004,,
数码单反户外实战摄影教程,https://study.163.com/course/courseMain.htm?courseId=1002943003,,
PPT2016职场版式设计（第二季）,https://study.163.com/course/courseMain.htm?courseId=995042,,
PPT2013职场版式设计(第一季),https://study.163.com/course/courseMain.htm?courseId=521006,,
轻松读书74期：精要主义,https://study.163.com/course/courseMain.htm?courseId=1003810065,,
财务会计基础知识讲解,https://study.163.com/course/courseMain.htm?courseId=1480001,,
BAT产品经理第一课,https://study.163.com/course/courseMain.htm?courseId=1002970016,,
当归中医：初识睡眠养生功,https://study.163.com/course/courseMain.htm?courseId=232010,,
以业绩为导向的人力资源管理,https://study.163.com/course/courseMain.htm?courseId=714001,0,0
Photoshop 全案例轻松自学教程 ps,https://study.163.com/course/courseMain.htm?courseId=396008,,
《轻松做出纳》,https://study.163.com/course/courseMain.htm?courseId=1010034,,
【漫画】思维导图时间管理（试读）,https://study.163.com/course/courseMain.htm?courseId=1037006,,
中国最牛简历课,https://study.163.com/course/courseMain.htm?courseId=482001,,
面试 l 撰写HR高管眼中完美简历,https://study.163.com/course/courseMain.htm?courseId=1002863001,,
《这张照片怎么拍》,https://study.163.com/course/courseMain.htm?courseId=1002904019,,
免费直播：零基础快速玩转Office,https://study.163.com/course/courseMain.htm?courseId=1004005001,,
PPT大神炼成记【设计6路功法】,https://study.163.com/course/courseMain.htm?courseId=1003226054,,
蓝铅笔 AI矢量插画设计教程,https://study.163.com/course/courseMain.htm?courseId=1126016,,
设计秘笈【版面设计】永久有效,https://study.163.com/course/courseMain.htm?courseId=1150029,,
新英语900句基础篇,https://study.163.com/course/courseMain.htm?courseId=1003327013,,
肢体语言解码：每一个动作都代表一种情绪,https://study.163.com/course/courseMain.htm?courseId=519102,,
轻松读书31：每天懂一点恋爱心理学,https://study.163.com/course/courseMain.htm?courseId=415003,,
托福TOEFL旗舰全程VIP（冲110分）,https://study.163.com/course/courseMain.htm?courseId=1219013,0,0
SAP HANA 学院汇总课程,https://study.163.com/course/courseMain.htm?courseId=461004,0,0
女性魅力课程——如何打造高效衣橱,https://study.163.com/course/courseMain.htm?courseId=1024006,0,0
Office2013之Word精讲,https://study.163.com/course/courseMain.htm?courseId=1321003,,
Photoshop教程零基础到精通【PS教程】,https://study.163.com/course/courseMain.htm?courseId=1002901006,,
Word高手技巧集锦,https://study.163.com/course/courseMain.htm?courseId=1002970004,,
直播：用Excel实现财新动态图表1例,https://study.163.com/course/courseMain.htm?courseId=1003987023,,
新手管理者如何转变工作方式和心态,https://study.163.com/course/courseMain.htm?courseId=1004046134,,
减法构图术——《自由职业摄影师》微专业体验课,https://mooc.study.163.com/learn/term/2001341000.htm,,
新道家思维智慧（上）,https://study.163.com/course/courseMain.htm?courseId=1002818015,,
PhotoShop课程｜人像修容处理技巧,https://study.163.com/course/courseMain.htm?courseId=1002819004,,
怎样用软文思维写工作总结？,https://study.163.com/course/courseMain.htm?courseId=1599008,,
怎样用长尾思维做职业规划？,https://study.163.com/course/courseMain.htm?courseId=1002963028,,
怎样用产品思维写工作计划？,https://study.163.com/course/courseMain.htm?courseId=1002820002,,
影楼PS实战秘笈(修图/特效/设计),https://study.163.com/course/courseMain.htm?courseId=1002778004,,
建筑草图大师：SketchUp,https://study.163.com/course/courseMain.htm?courseId=233003,,
21天记忆训练(双学位学霸主讲),https://study.163.com/course/courseMain.htm?courseId=1002982024,,
电信运营商实战工程师之华为篇,https://study.163.com/course/courseMain.htm?courseId=946011,,
《逻辑思维7级》课程,https://study.163.com/course/courseMain.htm?courseId=1350019,0,0
学完Python后该如何开始django学习,https://study.163.com/course/courseMain.htm?courseId=1004043141,,
Python网络爬虫实战,https://study.163.com/course/courseMain.htm?courseId=1003285002,,
1小时激发你的绘画潜能,https://study.163.com/course/courseMain.htm?courseId=1003894004,,
Project项目管理实战宣讲,https://study.163.com/course/courseMain.htm?courseId=1003985008,,
15种摄影常用构图方法,https://study.163.com/course/courseMain.htm?courseId=1459031,,
8小时之外如何利用互联网赚钱？,https://study.163.com/course/courseMain.htm?courseId=1003186022,,
Sketchup 2013 完全轻松自学教程,https://study.163.com/course/courseMain.htm?courseId=381005,,
轻松读书40期：拆掉思维里的墙,https://study.163.com/course/courseMain.htm?courseId=511008,,
轻松读书38期：魔鬼搭讪学,https://study.163.com/course/courseMain.htm?courseId=507002,,
轻松读书29：每天懂一点行为心理学,https://study.163.com/course/courseMain.htm?courseId=398001,,
记忆术与思维导图(第二版),https://study.163.com/course/courseMain.htm?courseId=1402003,,
轻松读书65：麦肯锡教我的写作武器,https://study.163.com/course/courseMain.htm?courseId=865006,,
轻松读书60期：曾国藩的正面与侧面,https://study.163.com/course/courseMain.htm?courseId=743009,,
轻松读书47期：非暴力沟通,https://study.163.com/course/courseMain.htm?courseId=555009,,
轻读27期：成功自我管理的29个工具,https://study.163.com/course/courseMain.htm?courseId=284018,,
轻松读书28期：人性的弱点,https://study.163.com/course/courseMain.htm?courseId=393012,,
轻松读书01期：定位,https://study.163.com/course/courseMain.htm?courseId=268003,,
轻松读书45期：学习的艺术,https://study.163.com/course/courseMain.htm?courseId=539019,,
如何用SEO思维写简历？,https://study.163.com/course/courseMain.htm?courseId=1442004,,
轻读07期：5分钟和陌生人成为朋友,https://study.163.com/course/courseMain.htm?courseId=297002,,
轻松读书66期：麦肯锡方法,https://study.163.com/course/courseMain.htm?courseId=877035,,
微营销基础课程,https://study.163.com/course/courseMain.htm?courseId=1003004002,,
轻松读书55期：影响力,https://study.163.com/course/courseMain.htm?courseId=655004,,
广告法规与管理 第二章—广告绪论,https://study.163.com/course/courseMain.htm?courseId=1003404005,,
轻松读书75期：刻意练习,https://study.163.com/course/courseMain.htm?courseId=1003871033,,
红利期已过，如何在微信创业？,https://study.163.com/course/courseMain.htm?courseId=1002873011,,
两小时快速开发自己的便笺系统,https://study.163.com/course/courseMain.htm?courseId=1003953006,,
Django views讲解,https://study.163.com/course/courseMain.htm?courseId=1004093099,,
电子商务跨平台运营公开课,https://study.163.com/course/courseMain.htm?courseId=1004044293,0,0
AU教程 Audition 2017 快速上手,https://study.163.com/course/courseMain.htm?courseId=1004046145,0,0
基于心理学的高效学习策略,https://study.163.com/course/courseMain.htm?courseId=1004014031,,
跟着汤老师读企业年报,https://study.163.com/course/courseMain.htm?courseId=1003225028,,
秋叶直播：普通人受用一生的成长术,https://study.163.com/course/courseMain.htm?courseId=1004003003,,
Python Web直播分享会,https://study.163.com/course/courseMain.htm?courseId=1003956008,,
"""知识焦虑”时代 成为崛起最快的1%",https://study.163.com/course/courseMain.htm?courseId=1003963001,,
线框图为什么不是越美越好？,https://study.163.com/course/courseMain.htm?courseId=1002835013,,
认知计算与人工智能,https://study.163.com/course/courseMain.htm?courseId=1003284004,,
考拉内部视觉设计宝典,https://study.163.com/course/courseMain.htm?courseId=1003958001,,
领导者心智模式建设之道,https://study.163.com/course/courseMain.htm?courseId=716012,,
美联英语：无痛职场英语口语,https://study.163.com/course/courseMain.htm?courseId=1228001,,
实用日常英语口语合集（中教）,https://study.163.com/course/courseMain.htm?courseId=1018102,0,0
约会学,https://study.163.com/course/courseMain.htm?courseId=350004,,
美得不像话的EXCEL2016图表,https://study.163.com/course/courseMain.htm?courseId=1483003,,
5步写出1秒打动HR的简历,https://study.163.com/course/courseMain.htm?courseId=270010,,
小码哥教育HTML5精品课程,https://study.163.com/course/courseMain.htm?courseId=1003269003,,
微信小程序：你需要知道的3件事,https://study.163.com/course/courseMain.htm?courseId=1003603060,,
约会技巧,https://study.163.com/course/courseMain.htm?courseId=350003,,
电商数据分析师养成记,https://study.163.com/course/courseMain.htm?courseId=875001,,
公众演讲与口才培训,https://study.163.com/course/courseMain.htm?courseId=274012,,
高管秘籍--弱势管理,https://study.163.com/course/courseMain.htm?courseId=637009,,
解析商务演示的成功公式,https://study.163.com/course/courseMain.htm?courseId=1003576010,,
轻读44：如何掌控自己的时间和生活,https://study.163.com/course/courseMain.htm?courseId=532007,,
人才流失预防的制胜5招,https://study.163.com/course/courseMain.htm?courseId=1003393005,0,0
绩效考核指标的量化技术,https://study.163.com/course/courseMain.htm?courseId=385015,0,0
王牌设计师：新古典风格宅,https://study.163.com/course/courseMain.htm?courseId=564019,0,0
中小企业财务主管财务分析实战,https://study.163.com/course/courseMain.htm?courseId=1003662030,,
人人都应该学小程序编程（免费）,https://study.163.com/course/courseMain.htm?courseId=1003606081,,
Leader真功夫,https://study.163.com/course/courseMain.htm?courseId=839005,,
职业思维|老司机传授职业适应宝典,https://study.163.com/course/courseMain.htm?courseId=1003887009,,
大学生必备的5项互联网技能,https://study.163.com/course/courseMain.htm?courseId=1003219012,,
幸福空间：美式风格家居设计,https://study.163.com/course/courseMain.htm?courseId=248001,,
一小时让你当众演讲,https://study.163.com/course/courseMain.htm?courseId=1003735016,,
轻松读书2018直播,https://study.163.com/course/courseMain.htm?courseId=952001,,
《新任管理者》专题直播分享会,https://study.163.com/course/courseMain.htm?courseId=1003285003,,
轻松读书41期：快速阅读,https://study.163.com/course/courseMain.htm?courseId=523011,,
SketchUP2014/2016完全自学教程,https://study.163.com/course/courseMain.htm?courseId=855034,,
轻松读书73期：蔡康永的说话之道,https://study.163.com/course/courseMain.htm?courseId=1003031011,,
高效沟通的“三言两语”,https://study.163.com/course/courseMain.htm?courseId=1211032,,
小白学运营：运营数据分析第一课,https://study.163.com/course/courseMain.htm?courseId=1003675009,,
手把手教你实现运营快速成长,https://study.163.com/course/courseMain.htm?courseId=1003664039,,
如何成为一个成功的职业经理人,https://study.163.com/course/courseMain.htm?courseId=718012,,
《财务如何管理》,https://study.163.com/course/courseMain.htm?courseId=1294011,,
秋叶直播：时间管理秘籍,https://study.163.com/course/courseMain.htm?courseId=1003321005,,
产品经理进阶之路——走出新手村,https://study.163.com/course/courseMain.htm?courseId=1002881005,,
电信运营商实战工程师之思科设备篇,https://study.163.com/course/courseMain.htm?courseId=940003,,
8天精通Linux操作系统实用技巧,https://study.163.com/course/courseMain.htm?courseId=1003227061,,
Python从零进阶学以致用,https://study.163.com/course/courseMain.htm?courseId=1003663026,,
网易家居公开课-墙面装修,https://study.163.com/course/courseMain.htm?courseId=270009,,
利用思维导图做一个思维导图学院,https://study.163.com/course/courseMain.htm?courseId=1003186018,,
CS231n计算机视觉课程,https://study.163.com/course/courseMain.htm?courseId=1003223001,,
摄影评片会,https://study.163.com/course/courseMain.htm?courseId=979003,,
产品经理学技术,https://study.163.com/course/courseMain.htm?courseId=1003329003,,
互联网产品&运营岗位如何选择？,https://study.163.com/course/courseMain.htm?courseId=1003531007,,
知识产权理论及其制度的演进,https://study.163.com/course/courseMain.htm?courseId=989013,,
家居风水怎么看的,https://study.163.com/course/courseMain.htm?courseId=1466012,,
CORELDWAW超级速成,https://study.163.com/course/courseMain.htm?courseId=1120005,0,0
【管理预备课】领导力培训（体验）,https://study.163.com/course/courseMain.htm?courseId=688009,,
关于微信小程序，你应该知道的事,https://study.163.com/course/courseMain.htm?courseId=1003517002,,
10天学会Shell编程,https://study.163.com/course/courseMain.htm?courseId=1238027,,
尚学堂_史上最易懂的设计模式视频,https://study.163.com/course/courseMain.htm?courseId=1062009,,
【管理预备课】如何识别人才？（体验）,https://study.163.com/course/courseMain.htm?courseId=540002,,
跟秋叶学排版,https://study.163.com/course/courseMain.htm?courseId=215002,,
资本运作：四两拨千斤,https://study.163.com/course/courseMain.htm?courseId=232001,,
ICT项目经理的过去，现在和未来,https://study.163.com/course/courseMain.htm?courseId=1002754004,,
突围择业迷茫与职业瓶颈,https://study.163.com/course/courseMain.htm?courseId=433005,,
创业型企业的人员管理,https://study.163.com/course/courseMain.htm?courseId=265001,,
如何成为“神”一样的项目经理！,https://study.163.com/course/courseMain.htm?courseId=1002824001,,
情绪压力管理,https://study.163.com/course/courseMain.htm?courseId=1215003,,
从营改增，谈谈财务人员的职业规划,https://study.163.com/course/courseMain.htm?courseId=1002963032,,
免费银行信息科技外包管理,https://study.163.com/course/courseMain.htm?courseId=1026008,,
多多和你一起识别建筑施工图,https://study.163.com/course/courseMain.htm?courseId=1142002,,
"结构化思考, 图形化演示 ~职场中の思维导图",https://study.163.com/course/courseMain.htm?courseId=587001,,
360°解析PPT制作-公开课,https://study.163.com/course/courseMain.htm?courseId=1697003,,
职场小白必学的PPT动画技巧,https://study.163.com/course/courseMain.htm?courseId=1003000011,,
设计师必学手绘～基础,https://study.163.com/course/courseMain.htm?courseId=1002728001,,
网易云课堂前端开发交流会,https://study.163.com/course/courseMain.htm?courseId=1054012,,
赢在行动-如何提升执行力,https://study.163.com/course/courseMain.htm?courseId=667017,,
边玩边学 收纳全课｛入门级｝,https://study.163.com/course/courseMain.htm?courseId=1003169006,,
魅力声音训练技巧,https://study.163.com/course/courseMain.htm?courseId=1003308006,,
CAD快速入门教程-CAD零基础教程,https://study.163.com/course/courseMain.htm?courseId=1003335009,,
【简快阅读31】如何高效学习——整体性学习法,https://study.163.com/course/courseMain.htm?courseId=1417001,,
高效学习法,https://study.163.com/course/courseMain.htm?courseId=1038008,,
【简快阅读-6】高效时间管理：下班后赚更多！,https://study.163.com/course/courseMain.htm?courseId=803018,,
【简快阅读29】提早6小时下班的高效工作术,https://study.163.com/course/courseMain.htm?courseId=1155001,,
【简快阅读-8】“升职加薪”的时间管理术,https://study.163.com/course/courseMain.htm?courseId=831006,,
《时间管理的12个技巧》,https://study.163.com/course/courseMain.htm?courseId=980025,,
X SCHOOL 未来学院家长讲坛开播,https://study.163.com/course/courseMain.htm?courseId=1003603021,,
500强精英深度解读行业优势与挑战,https://study.163.com/course/courseMain.htm?courseId=1002864001,,
职商入门篇——提升职商的八大能力,https://study.163.com/course/courseMain.htm?courseId=1174013,,
让别人从内心欣赏你的8个方法,https://study.163.com/course/courseMain.htm?courseId=273010,,
销售人员的人脉经营,https://study.163.com/course/courseMain.htm?courseId=1337012,,
大学生该如何看待人脉这件事？,https://study.163.com/course/courseMain.htm?courseId=1002862004,,
社交潜规则-如何建立人脉,https://study.163.com/course/courseMain.htm?courseId=1003093001,,
【PPT档案馆03期】年终总结PPT,https://study.163.com/course/courseMain.htm?courseId=1003488013,,
对话大数据,https://study.163.com/course/courseMain.htm?courseId=1036006,,
基于战略的薪酬体系设计,https://study.163.com/course/courseMain.htm?courseId=1003101012,,
HR职业发展及加薪之道,https://study.163.com/course/courseMain.htm?courseId=1002974010,,
"这波人工智能潮,你可不能再跟丢",https://study.163.com/course/courseMain.htm?courseId=1003520030,,
倪建伟教你用销售方式获得别人信任,https://study.163.com/course/courseMain.htm?courseId=1003606043,,
自雇自足：如何让你的工作更自由,https://study.163.com/course/courseMain.htm?courseId=1003554014,,
在线思维导图工具之ProcessOn,https://study.163.com/course/courseMain.htm?courseId=1336012,,
3分钟玩爆<EXCEL操作技能> 20例,https://study.163.com/course/courseMain.htm?courseId=1002977012,,
时间不够用？用时间日志找出原因,https://study.163.com/course/courseMain.htm?courseId=1002831019,,
职业规划 l新入职场，菜鸟成长指南,https://study.163.com/course/courseMain.htm?courseId=1003323016,,
交互设计师必备的九种技能,https://study.163.com/course/courseMain.htm?courseId=1003342012,,
无需意志力的习惯养成方法,https://study.163.com/course/courseMain.htm?courseId=1003551013,,
如何通过知识型写作扩大个人影响力,https://study.163.com/course/courseMain.htm?courseId=1003553001,,
哪个互联网岗位最适合我？,https://study.163.com/course/courseMain.htm?courseId=1003523031,,
【充电节】云课堂运营大咖分享会,https://study.163.com/course/courseMain.htm?courseId=1003387011,,
【简快阅读39】唤醒觉醒的天才,https://study.163.com/course/courseMain.htm?courseId=1666001,,
财务职场潜规则,https://study.163.com/course/courseMain.htm?courseId=1003340012,,
让转化率提升10倍的标题怎么写？,https://study.163.com/course/courseMain.htm?courseId=1003390007,,
线上与线下活动的运营要点与差异,https://study.163.com/course/courseMain.htm?courseId=1003434012,,
版本与优先级：每个功能都是MVP,https://study.163.com/course/courseMain.htm?courseId=1003427004,,
定考核指标：做令人信服的产品经理,https://study.163.com/course/courseMain.htm?courseId=1003434011,,
如何寻找到用户并准确挖掘需求？,https://study.163.com/course/courseMain.htm?courseId=1003430001,,
如何做好第三方渠道的引流推广？,https://study.163.com/course/courseMain.htm?courseId=1003401017,,
PPT2013 PS&AI组合技巧教程,https://study.163.com/course/courseMain.htm?courseId=1061002,,
Excel2013 十大明星函数（第一季）,https://study.163.com/course/courseMain.htm?courseId=1009026,0,0
Word2013论文七步高效排版教程,https://study.163.com/course/courseMain.htm?courseId=1044001,,
假日必学！教你装BI朋友圈,https://study.163.com/course/courseMain.htm?courseId=1003269011,,
职业素质提高技巧,https://study.163.com/course/courseMain.htm?courseId=265012,,
十分钟学会手绘思维导图,https://study.163.com/course/courseMain.htm?courseId=1003102001,,
大数据时代---企业对人才的需求解读,https://study.163.com/course/courseMain.htm?courseId=1003283029,,
Python Web 全栈课程的高效学习法,https://study.163.com/course/courseMain.htm?courseId=1003289029,,
不同的独立性，不同的管理方式（锦囊课）,https://study.163.com/course/courseMain.htm?courseId=1003373017,,
高效团队的特征（锦囊课）,https://study.163.com/course/courseMain.htm?courseId=1003376014,,
给职场新人的PPT课,https://study.163.com/course/courseMain.htm?courseId=1002916005,,
财务报表分析与营运资本管理,https://study.163.com/course/courseMain.htm?courseId=902019,,
20分钟掌握《金字塔原理》，快速提升表达力,https://study.163.com/course/courseMain.htm?courseId=1018010,,
求职蛮干：职业发展大忌（第1版）,https://study.163.com/course/courseMain.htm?courseId=1003240023,,
摄影基础理论15讲,https://study.163.com/course/courseMain.htm?courseId=1003134014,,
职场蛮干：升职加薪职业规划大忌（第3版）,https://study.163.com/course/courseMain.htm?courseId=1003122005,,
【简快阅读34】35个简单实用的思考技巧,https://study.163.com/course/courseMain.htm?courseId=1436034,,
微信运营必备：图文排版教程,https://study.163.com/course/courseMain.htm?courseId=1350008,,
SQL Server数据挖掘与商业应用,https://study.163.com/course/courseMain.htm?courseId=1003291001,0,0
babystep育儿课堂（0至1岁）,https://study.163.com/course/courseMain.htm?courseId=1604005,,
初段位HR的专业精进和多模块发展,https://study.163.com/course/courseMain.htm?courseId=1003262001,,
创造亿级产品——网易产品经理经验分享会,https://study.163.com/course/courseMain.htm?courseId=1537001,,
500强企业财务总监炼成记,https://study.163.com/course/courseMain.htm?courseId=1003239018,,
诺壹乔：轻松搞定PPT文字,https://study.163.com/course/courseMain.htm?courseId=1443007,,
时间管理低效率原因与解决方法,https://study.163.com/course/courseMain.htm?courseId=1003206041,,
【简快阅读32】高效能管理知识的秘诀,https://study.163.com/course/courseMain.htm?courseId=1434031,,
【简快阅读13】《书都不会读，你还想成功》,https://study.163.com/course/courseMain.htm?courseId=876022,,
【简快阅读-2】如何秒杀一本书！,https://study.163.com/course/courseMain.htm?courseId=645003,,
【简快阅读-1】这样读书，你会更高效！,https://study.163.com/course/courseMain.htm?courseId=639005,,
家长必修课：育儿早教第一课,https://study.163.com/course/courseMain.htm?courseId=1710004,,
盖世婴雄之育儿宝典,https://study.163.com/course/courseMain.htm?courseId=982058,,
PS教程-oeasy教你ps-Photoshop平面设计教程,https://study.163.com/course/courseMain.htm?courseId=269006,0,0
《合同法》最新规定深度解析,https://study.163.com/course/courseMain.htm?courseId=1002829005,,
谁说菜鸟不会数据分析（图文课程）,https://study.163.com/course/courseMain.htm?courseId=906001,,
高效会议管理出绩效,https://study.163.com/course/courseMain.htm?courseId=292008,,
美丽百分百--个人形象管理,https://study.163.com/course/courseMain.htm?courseId=680003,,
普元数据王轩：多领域工程师养成记,https://study.163.com/course/courseMain.htm?courseId=1002875018,,
砍掉人力成本的9把刀（直播）,https://study.163.com/course/courseMain.htm?courseId=1003094009,,
2016人力资源管理师备考指导班,https://study.163.com/course/courseMain.htm?courseId=1002805023,,
你真的知道压力是什么吗？,https://study.163.com/course/courseMain.htm?courseId=883034,,
高效沟通，让沟通变得更有效,https://study.163.com/course/courseMain.htm?courseId=1002841022,,
时间管理每天最重要的三件事,https://study.163.com/course/courseMain.htm?courseId=1003074001,,
强势领导力,https://study.163.com/course/courseMain.htm?courseId=248006,,
《道德经》实用养生,https://study.163.com/course/courseMain.htm?courseId=223005,,
职场好帮手---PPT 2016基础进阶,https://study.163.com/course/courseMain.htm?courseId=1003108021,,
DANZ本能学,https://study.163.com/course/courseMain.htm?courseId=216001,,
《心商修炼术》,https://study.163.com/course/courseMain.htm?courseId=877044,,
先生style,https://study.163.com/course/courseMain.htm?courseId=509016,,
秋叶直播：如何与优秀的人做朋友,https://study.163.com/course/courseMain.htm?courseId=1003032021,,
人际沟通之玩转职场关系,https://study.163.com/course/courseMain.htm?courseId=1666011,,
根据文案设计实战,https://study.163.com/course/courseMain.htm?courseId=1041013,,
秋叶PPT技巧集锦,https://study.163.com/course/courseMain.htm?courseId=214005,,
直击收入痛点，打破白领就业幻觉,https://study.163.com/course/courseMain.htm?courseId=1002903005,,
职场头七年——少走弯路避免进坑,https://study.163.com/course/courseMain.htm?courseId=974009,,
Photoshop 人像后期快速自学教程,https://study.163.com/course/courseMain.htm?courseId=1096069,,
Premiere基础教程：一天学会剪视频,https://study.163.com/course/courseMain.htm?courseId=1002859015,,
30分钟提升你的EQ,https://study.163.com/course/courseMain.htm?courseId=695001,,
8分钟大变身-PS照片处理专题课程,https://study.163.com/course/courseMain.htm?courseId=883010,,
居家小百科-空间利用及规划,https://study.163.com/course/courseMain.htm?courseId=266015,,
居家小百科-色彩与绿植运用,https://study.163.com/course/courseMain.htm?courseId=266013,,
野外生存课,https://study.163.com/course/courseMain.htm?courseId=249002,,
绿化风水,https://study.163.com/course/courseMain.htm?courseId=321009,,
九型人格,https://study.163.com/course/courseMain.htm?courseId=746022,,
《招聘与配置》人力资源管理师二级,https://study.163.com/course/courseMain.htm?courseId=964007,0,0
居家小百科-系统柜与收纳设计,https://study.163.com/course/courseMain.htm?courseId=266014,,
【简快阅读-4】断.舍.离：物品与心灵的管理,https://study.163.com/course/courseMain.htm?courseId=725008,,
FitTime 基础体能训练系列,https://study.163.com/course/courseMain.htm?courseId=1003029022,,
十分钟玩转PPT,https://study.163.com/course/courseMain.htm?courseId=1097080,,
说服力，工作型PPT该这样做,https://study.163.com/course/courseMain.htm?courseId=213001,,
多学多用：做办公室的导演,https://study.163.com/course/courseMain.htm?courseId=573013,,
大白读书：如何用非暴力沟通解决沟通难题,https://study.163.com/course/courseMain.htm?courseId=1436018,,
多学多用：教你几招，玩转单反,https://study.163.com/course/courseMain.htm?courseId=564016,,
分析.创意.设计(公开课第二期),https://study.163.com/course/courseMain.htm?courseId=1046003,,
CDR：资深设计师教你设计企业VI之实例篇,https://study.163.com/course/courseMain.htm?courseId=648004,,
说服力，让你的PPT会说话,https://study.163.com/course/courseMain.htm?courseId=215001,,
如何将企业文化变为员工行动,https://study.163.com/course/courseMain.htm?courseId=991003,,
职场卓越的秘密，让思维导图带你飞,https://study.163.com/course/courseMain.htm?courseId=1002900024,,
运用金字塔原理提升表达逻辑,https://study.163.com/course/courseMain.htm?courseId=1010009,,
i—EVER大咖来了,https://study.163.com/course/courseMain.htm?courseId=1102028,,
吴宗恩：10分钟学会使用单反摄影（入门篇）,https://study.163.com/course/courseMain.htm?courseId=1002995024,,
网易LOFTER轻摄会视频教程,https://study.163.com/course/courseMain.htm?courseId=1003078003,,
王牌设计师：现代极简宅,https://study.163.com/course/courseMain.htm?courseId=567007,,
灵性思维改变命运,https://study.163.com/course/courseMain.htm?courseId=230001,,
Axure视频教程 手机应用设计和表达,https://study.163.com/course/courseMain.htm?courseId=658001,,
两个周末从PPT小白到导师,https://study.163.com/course/courseMain.htm?courseId=1264002,,
如何成为真正的PPT高手,https://study.163.com/course/courseMain.htm?courseId=214026,,
保持大脑健康,https://study.163.com/course/courseMain.htm?courseId=1002750018,,
职业人商务素养提升五大管理,https://study.163.com/course/courseMain.htm?courseId=710004,,
PhotoShop转手绘视频教程,https://study.163.com/course/courseMain.htm?courseId=822001,0,0
手绘教程-oeasy教你ps手绘/photoshop手绘素描,https://study.163.com/course/courseMain.htm?courseId=712002,0,0
设计秘笈【点线面】永久有效,https://study.163.com/course/courseMain.htm?courseId=1152027,,
让女人倒追你,https://study.163.com/course/courseMain.htm?courseId=956003,,
AI简洁网站标志制作,https://study.163.com/course/courseMain.htm?courseId=1041009,,
小亮老师讲工作最初那几年。,https://study.163.com/course/courseMain.htm?courseId=510007,,
王牌设计师：办公室、公共场所装修,https://study.163.com/course/courseMain.htm?courseId=245009,,
10种建筑拍摄技巧教学视频 免费,https://study.163.com/course/courseMain.htm?courseId=1458016,,
家装风水常识,https://study.163.com/course/courseMain.htm?courseId=239001,,
新晋项目经理一秒变大咖,https://study.163.com/course/courseMain.htm?courseId=1002960041,,
NLP瞬间提升亲和力,https://study.163.com/course/courseMain.htm?courseId=782016,,
时间应该这么管理,https://study.163.com/course/courseMain.htm?courseId=668016,,
职场提升：如何制作商业PPT,https://study.163.com/course/courseMain.htm?courseId=214004,,
网易云课堂运营大咖分享会,https://study.163.com/course/courseMain.htm?courseId=1002954002,,
用Java学编程,https://study.163.com/course/courseMain.htm?courseId=533006,,
给职场新人的Word课,https://study.163.com/course/courseMain.htm?courseId=1002888003,,
正确穿鞋及保养,https://study.163.com/course/courseMain.htm?courseId=252001,,
广告创意实战4部曲【试看版】,https://study.163.com/course/courseMain.htm?courseId=1445003,,
金字塔原理应用：职场高效沟通必备(逻辑思维),https://study.163.com/course/courseMain.htm?courseId=942001,,
营改增转型应对及筹划思路,https://study.163.com/course/courseMain.htm?courseId=1002959003,,
职场新人公文写作能力训练,https://study.163.com/course/courseMain.htm?courseId=260001,,
【简快阅读42】神奇的时间统计法,https://study.163.com/course/courseMain.htm?courseId=1002820006,,
如何用拆解法处理职场沟通？,https://study.163.com/course/courseMain.htm?courseId=1002857007,,
【简快阅读38】自控力,https://study.163.com/course/courseMain.htm?courseId=1545002,,
职业经理人的即兴讲话技巧,https://study.163.com/course/courseMain.htm?courseId=374010,,
好学教育2014物业管理师考务宣讲,https://study.163.com/course/courseMain.htm?courseId=543017,,
怎样巧用互联网绕过招聘陷阱？,https://study.163.com/course/courseMain.htm?courseId=1460030,0,0
卓越经理人的跨部门沟通技巧,https://study.163.com/course/courseMain.htm?courseId=716018,,
减肥减脂圣经,https://study.163.com/course/courseMain.htm?courseId=1002891009,,
【简快阅读30】《学习之道》美国的学习第一书,https://study.163.com/course/courseMain.htm?courseId=1165008,,
Word2013排版入门篇,https://study.163.com/course/courseMain.htm?courseId=1018074,,
数码摄影后期基本流程,https://study.163.com/course/courseMain.htm?courseId=718024,,
管理者角色定位,https://study.163.com/course/courseMain.htm?courseId=274015,,
豹子说——关于生活和工作你所应学到的一些,https://study.163.com/course/courseMain.htm?courseId=1084013,,
帮你做个受职场欢迎的人,https://study.163.com/course/courseMain.htm?courseId=1189001,,
AutoCAD 室内设计教程,https://study.163.com/course/courseMain.htm?courseId=782013,,
Java课程 Java300集大型视频教程,https://study.163.com/course/courseMain.htm?courseId=343001,,
EXCEL 技巧精选(1),https://study.163.com/course/courseMain.htm?courseId=1437028,,
绝美夜景风光摄影实战技巧,https://study.163.com/course/courseMain.htm?courseId=1002830013,,
应聘这样穿，面试全过关,https://study.163.com/course/courseMain.htm?courseId=1002894003,,
茶道茶艺,https://study.163.com/course/courseMain.htm?courseId=730025,,
涉外交往礼仪,https://study.163.com/course/courseMain.htm?courseId=890016,,
贝太新煮艺：十分钟搞定早餐,https://study.163.com/course/courseMain.htm?courseId=244004,,
工作坊项目培训者课程,https://study.163.com/course/courseMain.htm?courseId=1002841033,,
Linux Shell脚本应用,https://study.163.com/course/courseMain.htm?courseId=306001,,
职场新人实用技能：撰写方案,https://study.163.com/course/courseMain.htm?courseId=254008,,
细节决定商务成败,https://study.163.com/course/courseMain.htm?courseId=662006,,
【简快阅读28】《30岁前的每一天》,https://study.163.com/course/courseMain.htm?courseId=1055009,,
你是老大——领导力在每个人的基因里,https://study.163.com/course/courseMain.htm?courseId=1156003,,
顶尖销售六步曲,https://study.163.com/course/courseMain.htm?courseId=718010,,
国际职场形象礼仪,https://study.163.com/course/courseMain.htm?courseId=516002,,
如何构建一份简单有效的岗位说明书,https://study.163.com/course/courseMain.htm?courseId=1007008,,
新的一年，如何成长？,https://study.163.com/course/courseMain.htm?courseId=1002734003,,
如何做设计？—— 设计的工具和方法,https://study.163.com/course/courseMain.htm?courseId=621005,,
知知-职场必备学院-高效会议主持,https://study.163.com/course/courseMain.htm?courseId=1097033,,
手把手教你做霸气简历,https://study.163.com/course/courseMain.htm?courseId=1002750024,,
Java8编程开发入门,https://study.163.com/course/courseMain.htm?courseId=1455026,0,0
培训需求分析与年度培训规划,https://study.163.com/course/courseMain.htm?courseId=716011,,
构建高效的招聘体系,https://study.163.com/course/courseMain.htm?courseId=1096088,,
项目管理系列之八--项目结束,https://study.163.com/course/courseMain.htm?courseId=1049011,,
项目管理系列之七--项目成本管理,https://study.163.com/course/courseMain.htm?courseId=1050008,,
项目管理系列之六--项目质量管理,https://study.163.com/course/courseMain.htm?courseId=1017013,,
项目管理系列之五--项目范围管理,https://study.163.com/course/courseMain.htm?courseId=1009002,,
项目管理系列之四--项目执行之风险管理,https://study.163.com/course/courseMain.htm?courseId=995028,,
项目管理系列之三--项目执行,https://study.163.com/course/courseMain.htm?courseId=983024,,
项目管理系列之二--项目计划,https://study.163.com/course/courseMain.htm?courseId=930014,,
精听歌曲学英语,https://study.163.com/course/courseMain.htm?courseId=1490001,0,0
打造卓越员工的十种心态,https://study.163.com/course/courseMain.htm?courseId=320034,,
智能社:JavaScript-从入门到精通,https://study.163.com/course/courseMain.htm?courseId=224014,0,0
现代礼仪之握手礼仪,https://study.163.com/course/courseMain.htm?courseId=888009,,
厨娘物语,https://study.163.com/course/courseMain.htm?courseId=883014,,
几个项目管理软件初探,https://study.163.com/course/courseMain.htm?courseId=731008,,
哲学的天空,https://study.163.com/course/courseMain.htm?courseId=1447002,,
实习生一定要知道的事,https://study.163.com/course/courseMain.htm?courseId=818008,0,0
抠图6大招（抠发丝都如此轻松）,https://study.163.com/course/courseMain.htm?courseId=1031010,0,0
双猫食札--美食的小资范儿,https://study.163.com/course/courseMain.htm?courseId=1319009,,
Java EE专题编程-JSP+Servlet+JDBC+SSH+XML,https://study.163.com/course/courseMain.htm?courseId=882003,,
恋爱行为学追女孩子的聊天技巧套路,https://study.163.com/course/courseMain.htm?courseId=432007,,
Photoshop CC从入门到精通,https://study.163.com/course/courseMain.htm?courseId=986014,,
男士商务形象塑造,https://study.163.com/course/courseMain.htm?courseId=705056,,
XHTML+CSS2+JS整站制作教程,https://study.163.com/course/courseMain.htm?courseId=224019,,
网易DBA大咖分享会——MySQL数据库,https://study.163.com/course/courseMain.htm?courseId=1283001,0,0
PS教程之Photoshop人像后期处理教程,https://study.163.com/course/courseMain.htm?courseId=983001,,
简单高效 的全身燃脂运动,https://study.163.com/course/courseMain.htm?courseId=1675004,,
项目管理提升企业竞争力,https://study.163.com/course/courseMain.htm?courseId=974010,,
如何搞好企业培训管理,https://study.163.com/course/courseMain.htm?courseId=718013,,
大学生必看就业技能助你成为offer王,https://study.163.com/course/courseMain.htm?courseId=1684002,,
英语5大困惑解密,https://study.163.com/course/courseMain.htm?courseId=1002832013,,
简历/述职变形计,https://study.163.com/course/courseMain.htm?courseId=581008,,
定位,https://study.163.com/course/courseMain.htm?courseId=1002755003,,
循序渐进学摄影（初级班）,https://study.163.com/course/courseMain.htm?courseId=1008001,,
多学多用：揭秘劳动关系,https://study.163.com/course/courseMain.htm?courseId=595017,,
10种花卉拍摄常用技巧,https://study.163.com/course/courseMain.htm?courseId=1457024,,
十分钟学会简笔画,https://study.163.com/course/courseMain.htm?courseId=1350013,,
【简快阅读14】《5：2轻断食》吃得好、瘦得快,https://study.163.com/course/courseMain.htm?courseId=882026,,
女性魅力综合素质—成就女人中的女人,https://study.163.com/course/courseMain.htm?courseId=1010029,,
【简快阅读27】把事情做得更好的42项法则,https://study.163.com/course/courseMain.htm?courseId=1039028,,
设计秘笈【玩转色彩】无限期,https://study.163.com/course/courseMain.htm?courseId=1152028,0,0
Java开发全套精编教程【完整版】,https://study.163.com/course/courseMain.htm?courseId=1559013,0,0
中国式的国际化管理之路,https://study.163.com/course/courseMain.htm?courseId=231006,,
谈判路线图,https://study.163.com/course/courseMain.htm?courseId=244005,,
JavaScript,https://study.163.com/course/courseMain.htm?courseId=195001,0,0
中层管理的情绪管控,https://study.163.com/course/courseMain.htm?courseId=425002,,
HTML5+CSS3快速入门,https://study.163.com/course/courseMain.htm?courseId=999036,0,0
8小时学会HTML网页开发,https://study.163.com/course/courseMain.htm?courseId=432008,,
员工生涯规划,https://study.163.com/course/courseMain.htm?courseId=426007,,
HTML5入门,https://study.163.com/course/courseMain.htm?courseId=171001,,
jQuery 实战经典,https://study.163.com/course/courseMain.htm?courseId=452003,0,0
尚学堂_正则表达式老高版,https://study.163.com/course/courseMain.htm?courseId=1070003,,
高洛峰2015版 HTML5视频教程,https://study.163.com/course/courseMain.htm?courseId=986019,,
一个产品运营的经典案例,https://study.163.com/course/courseMain.htm?courseId=1122016,,
员工管理读心术,https://study.163.com/course/courseMain.htm?courseId=315003,,
有效提意见的四大技巧,https://study.163.com/course/courseMain.htm?courseId=1210024,,
有效沟通,https://study.163.com/course/courseMain.htm?courseId=342003,,
VIM快速入门,https://study.163.com/course/courseMain.htm?courseId=1494005,,
运维保障基础课,https://study.163.com/course/courseMain.htm?courseId=1493004,,
【饥人谷】前端从入门到精通,https://study.163.com/course/courseMain.htm?courseId=1523005,,
ps技巧日记,https://study.163.com/course/courseMain.htm?courseId=1427002,0,0
淘宝美工教程ps实战教程平面设计海报设计教程,https://study.163.com/course/courseMain.htm?courseId=731013,0,0
怎样用PS绘画素描头像,https://study.163.com/course/courseMain.htm?courseId=527023,0,0
走进阿里java工程师的世界,https://study.163.com/course/courseMain.htm?courseId=1529003,,
一小时学会建网站,https://study.163.com/course/courseMain.htm?courseId=582007,,
女神美腿操,https://study.163.com/course/courseMain.htm?courseId=1522003,,
IT项目实施宝典,https://study.163.com/course/courseMain.htm?courseId=1336021,,
张鹏瞬间亲和力快速建立信任关系,https://study.163.com/course/courseMain.htm?courseId=950005,,
魅力女性如何选择着装风格（1集）,https://study.163.com/course/courseMain.htm?courseId=706030,,
力哥说理财,https://study.163.com/course/courseMain.htm?courseId=860002,0,0
食尚厨房-主菜类,https://study.163.com/course/courseMain.htm?courseId=269017,,
亚洲纪录保持者王佳宇三阶魔方初级入门教程,https://study.163.com/course/courseMain.htm?courseId=1444003,0,0
贝太新煮艺：美味晚餐,https://study.163.com/course/courseMain.htm?courseId=239002,,
贝太厨房技巧,https://study.163.com/course/courseMain.htm?courseId=215003,,
冬季养生美食,https://study.163.com/course/courseMain.htm?courseId=859001,,
7堂课教你成为追女孩高手,https://study.163.com/course/courseMain.htm?courseId=1458025,,
Photoshop CS6全套教程 2015年最新录制PS教程,https://study.163.com/course/courseMain.htm?courseId=1029014,0,0
埃及纤体肚皮舞-轻纱舞,https://study.163.com/course/courseMain.htm?courseId=704076,,
魔法美丽课堂：微整形,https://study.163.com/course/courseMain.htm?courseId=227001,0,0
杜拉拉的职场智慧,https://study.163.com/course/courseMain.htm?courseId=337003,,
秋季养生美食,https://study.163.com/course/courseMain.htm?courseId=854075,,
如何用好不同类型的员工,https://study.163.com/course/courseMain.htm?courseId=402010,0,0
网易家居公开课-热水器选择,https://study.163.com/course/courseMain.htm?courseId=270001,,
时间管理,https://study.163.com/course/courseMain.htm?courseId=967010,,
新思维吉他自学教程,https://study.163.com/course/courseMain.htm?courseId=214016,,
跟着茉雅做瘦身运动,https://study.163.com/course/courseMain.htm?courseId=221004,,
打造一流的HRM,https://study.163.com/course/courseMain.htm?courseId=652004,,
利用思维导图高效学习 XMind6使用视频教程,https://study.163.com/course/courseMain.htm?courseId=1341009,,
看电影学演讲,https://study.163.com/course/courseMain.htm?courseId=1292011,,
玩转思维导图,https://study.163.com/course/courseMain.htm?courseId=1373004,,
镜头里的生活：一个摄影人的成长,https://study.163.com/course/courseMain.htm?courseId=1428001,,
婚姻中你会表达爱吗？,https://study.163.com/course/courseMain.htm?courseId=1058006,,
智能运维监控,https://study.163.com/course/courseMain.htm?courseId=1279010,,
Photoshop人像后期处理基础课程,https://study.163.com/course/courseMain.htm?courseId=586005,,
尚学堂_Junit单元测试详解,https://study.163.com/course/courseMain.htm?courseId=1060009,,
五步万能成功模式V1.0-V2.0-万能篇,https://study.163.com/course/courseMain.htm?courseId=1220001,,
尚学堂_UML建模技术,https://study.163.com/course/courseMain.htm?courseId=1064001,,
破解记忆宫殿玄机（广告课）,https://study.163.com/course/courseMain.htm?courseId=1097052,,
零基础 JAVA基础教程,https://study.163.com/course/courseMain.htm?courseId=648002,,
Java项目实战 Java60分钟体验教程 Java零基础,https://study.163.com/course/courseMain.htm?courseId=1070004,,
环游世界：各地旅行你需要注意的那些事儿,https://study.163.com/course/courseMain.htm?courseId=294009,0,0
室内平面图的炫彩世界,https://study.163.com/course/courseMain.htm?courseId=1134006,,
LinuxCast.net每日播客,https://study.163.com/course/courseMain.htm?courseId=221001,,
光影之美摄影教程,https://study.163.com/course/courseMain.htm?courseId=288004,,
Linux运维入门(2018全新改版）,https://study.163.com/course/courseMain.htm?courseId=1221011,0,0
按照这8个步骤做下去，你就离财务自由不远了,https://study.163.com/course/courseMain.htm?courseId=1128024,,
设计美术绘画,https://study.163.com/course/courseMain.htm?courseId=982024,0,0
循序渐进学摄影（中级班）,https://study.163.com/course/courseMain.htm?courseId=1008011,,
接纳自己-爱自己心法-达梦青山焱,https://study.163.com/course/courseMain.htm?courseId=948003,,
【新知持】--网易云课堂课件录制,https://study.163.com/course/courseMain.htm?courseId=853014,,
七秒识人在销售中的应用,https://study.163.com/course/courseMain.htm?courseId=403003,,
Word2013排版论文篇,https://study.163.com/course/courseMain.htm?courseId=1016079,,
高品质数码摄影后期处理技法-黑白篇,https://study.163.com/course/courseMain.htm?courseId=984024,0,0
Word2013排版高级篇,https://study.163.com/course/courseMain.htm?courseId=1018079,,
系统运维实战工程师之RHEL7.X实战,https://study.163.com/course/courseMain.htm?courseId=955002,,
Word2013排版中级篇,https://study.163.com/course/courseMain.htm?courseId=1018077,,
Word达人记,https://study.163.com/course/courseMain.htm?courseId=1058009,,
财务分析（上）,https://mooc.study.163.com/learn/term/1000005003.htm,0,0
客服意识和服务礼仪,https://study.163.com/course/courseMain.htm?courseId=468007,,
交互设计师入门指南,https://study.163.com/course/courseMain.htm?courseId=854003,,
【独家】金融行业直播学习会,https://study.163.com/course/courseMain.htm?courseId=1125012,,
无摄影，不旅行,https://study.163.com/course/courseMain.htm?courseId=1123020,,
如何做让上司欣赏的员工,https://study.163.com/course/courseMain.htm?courseId=875060,,
礼仪就是生产力,https://study.163.com/course/courseMain.htm?courseId=469001,,
老板如何管销售,https://study.163.com/course/courseMain.htm?courseId=224022,,
怎样用NLP处理负面情绪,https://study.163.com/course/courseMain.htm?courseId=690004,,
魔法课堂：魔法般的PPT,https://study.163.com/course/courseMain.htm?courseId=973011,,
商务英语,https://study.163.com/course/courseMain.htm?courseId=845006,,
介绍社交场合礼仪,https://study.163.com/course/courseMain.htm?courseId=890014,,
我的美人计-化妆技巧学习,https://study.163.com/course/courseMain.htm?courseId=1018085,,
网易家居实战验房,https://study.163.com/course/courseMain.htm?courseId=225002,,
单反拍摄技巧 爆款拍摄实战技巧,https://study.163.com/course/courseMain.htm?courseId=543023,,
火眼金睛学装修（附实用表格）,https://study.163.com/course/courseMain.htm?courseId=358014,,
折纸教程：包装装饰,https://study.163.com/course/courseMain.htm?courseId=255006,0,0
MySQL最佳入门之MySQL基础操作,https://study.163.com/course/courseMain.htm?courseId=760014,0,0
HR课程系列：培训开发,https://study.163.com/course/courseMain.htm?courseId=219002,,
流程管理实施问题及建议,https://study.163.com/course/courseMain.htm?courseId=503011,,
看实例学思维导图提升记忆力/学习力/演讲能力,https://study.163.com/course/courseMain.htm?courseId=694005,,
微课制作技术,https://study.163.com/course/courseMain.htm?courseId=532010,,
中软java入门教程及常用框架,https://study.163.com/course/courseMain.htm?courseId=362020,,
吃出来的生意和机会,https://study.163.com/course/courseMain.htm?courseId=663003,,
影想力【摄影维C】,https://study.163.com/course/courseMain.htm?courseId=360005,,
"清华大学""约会""公开课",https://study.163.com/course/courseMain.htm?courseId=481002,0,0
懂得感恩 摈弃抱怨,https://study.163.com/course/courseMain.htm?courseId=890013,,
用个人战略四步法，看清未来三年发展方向,https://study.163.com/course/courseMain.htm?courseId=1098014,,
HR入门必备,https://study.163.com/course/courseMain.htm?courseId=273019,,
时间管理改变命运,https://study.163.com/course/courseMain.htm?courseId=725014,,
3D室内设计欧式家具建模+渲染解析,https://study.163.com/course/courseMain.htm?courseId=651015,0,0
女性魅力课程——戴出你的格调,https://study.163.com/course/courseMain.htm?courseId=1041044,0,0
居家小百科-厨房设计及设备应用,https://study.163.com/course/courseMain.htm?courseId=266011,0,0
极简主义生活,https://study.163.com/course/courseMain.htm?courseId=1083027,,
HR从业人员的职业规划,https://study.163.com/course/courseMain.htm?courseId=786001,,
Excel 期刊级 商务图表制作,https://study.163.com/course/courseMain.htm?courseId=592003,,
成真恋爱学,https://study.163.com/course/courseMain.htm?courseId=366001,,
女性魅力课程形象素质篇—服饰的TPO原则,https://study.163.com/course/courseMain.htm?courseId=1045003,0,0
性格解析,https://study.163.com/course/courseMain.htm?courseId=810007,,
职场男女的那点事儿,https://study.163.com/course/courseMain.htm?courseId=622007,,
投资、理财课程,https://study.163.com/course/courseMain.htm?courseId=273015,,
授权经营,https://study.163.com/course/courseMain.htm?courseId=378004,,
30而立的你，如何重新定位？,https://study.163.com/course/courseMain.htm?courseId=886011,,
逻辑思维7级训练,https://study.163.com/course/courseMain.htm?courseId=950002,,
经理人自我修炼的五把钥匙,https://study.163.com/course/courseMain.htm?courseId=716009,,
买赠 l 高效工作，摆脱加班苦恼,https://study.163.com/course/courseMain.htm?courseId=996039,,
joomla快速建站全纪录,https://study.163.com/course/courseMain.htm?courseId=993017,0,0
网易家居公开课-厨房装修,https://study.163.com/course/courseMain.htm?courseId=270003,,
女性魅力课程——形象素质篇,https://study.163.com/course/courseMain.htm?courseId=1014004,0,0
人生角色的管理与平衡,https://study.163.com/course/courseMain.htm?courseId=950004,,
家电使用和清洁,https://study.163.com/course/courseMain.htm?courseId=252019,,
宝莱坞风情印度舞,https://study.163.com/course/courseMain.htm?courseId=701009,,
HTML网站前端开发-4天入门,https://study.163.com/course/courseMain.htm?courseId=968011,,
网易家居公开课-家居风水,https://study.163.com/course/courseMain.htm?courseId=270007,,
女性魅力课程形象素质篇—穿出好体型,https://study.163.com/course/courseMain.htm?courseId=1046002,0,0
萃取技术E1——基础入门班,https://study.163.com/course/courseMain.htm?courseId=980024,,
轻松读书71期：像TED一样演讲,https://study.163.com/course/courseMain.htm?courseId=1018032,,
琅泽Kk系列_3DMax室内效果图教程【室内设计】,https://study.163.com/course/courseMain.htm?courseId=984020,0,0
西餐礼仪,https://study.163.com/course/courseMain.htm?courseId=890015,,
CSS3,https://study.163.com/course/courseMain.htm?courseId=190001,,
衣物巧保养,https://study.163.com/course/courseMain.htm?courseId=253002,,
jQuery EasyUI视频教程,https://study.163.com/course/courseMain.htm?courseId=943002,,
◆微信基础技能◆六步学习法，保你玩转微信,https://study.163.com/course/courseMain.htm?courseId=1016017,,
人怎样影响别人,https://study.163.com/course/courseMain.htm?courseId=867011,,
Excel 数据透视经典教程,https://study.163.com/course/courseMain.htm?courseId=222001,0,0
社交红利,https://study.163.com/course/courseMain.htm?courseId=980001,,
文献管理与信息分析（中科大2013年春季班）,https://study.163.com/course/courseMain.htm?courseId=304003,0,0
文献管理与信息分析（中科大2013秋网络班）,https://study.163.com/course/courseMain.htm?courseId=348001,0,0
如何与异性展开话题，进行有效交流？,https://study.163.com/course/courseMain.htm?courseId=996052,,
任职资格体系建设与关键人才培养,https://study.163.com/course/courseMain.htm?courseId=1009009,,
Android项目结构&ADT工具介绍,https://study.163.com/course/courseMain.htm?courseId=1009014,0,0
揭密话题营销实操法则,https://study.163.com/course/courseMain.htm?courseId=881009,,
中国手语——哲学、伦理、心理、行为部分,https://study.163.com/course/courseMain.htm?courseId=949005,0,0
银行理财，简七教你买得如意！,https://study.163.com/course/courseMain.htm?courseId=891009,0,0
从西游记看沟通技巧,https://study.163.com/course/courseMain.htm?courseId=330009,,
管理思维与艺术,https://study.163.com/course/courseMain.htm?courseId=318002,,
面向对象软件开发实践之专业技能训练,https://mooc.study.163.com/learn/term/1000014000.htm,0,0
高端接待礼仪速成,https://study.163.com/course/courseMain.htm?courseId=224005,,
职场新手必修课程,https://study.163.com/course/courseMain.htm?courseId=746026,,
快速掌握谈判的顶级智慧,https://study.163.com/course/courseMain.htm?courseId=668083,,
Java项目开发实战——微信智能客服机器人,https://study.163.com/course/courseMain.htm?courseId=986036,,
JavaScript面试题系列,https://study.163.com/course/courseMain.htm?courseId=742021,0,0
新思维吉他自学教程第五季,https://study.163.com/course/courseMain.htm?courseId=292004,,
新思维吉他自学教程第四季,https://study.163.com/course/courseMain.htm?courseId=292003,,
快速成为UI设计师秘籍,https://study.163.com/course/courseMain.htm?courseId=730022,,
新思维吉他自学教程第三季,https://study.163.com/course/courseMain.htm?courseId=272035,,
PhotoShop图片处理之还原清晰照片教程,https://study.163.com/course/courseMain.htm?courseId=869002,0,0
新思维吉他自学教程第二季,https://study.163.com/course/courseMain.htm?courseId=240003,,
基本乐理教程（含钢琴入门及即兴伴奏）,https://study.163.com/course/courseMain.htm?courseId=934004,0,0
会声会影10：入门与提高,https://study.163.com/course/courseMain.htm?courseId=233001,0,0
Photoshop数码照片后期处理精彩实例_预览,https://study.163.com/course/courseMain.htm?courseId=321011,0,0
6个月学会任何一种外语,https://study.163.com/course/courseMain.htm?courseId=711008,,
Office2013 新特性案例专题,https://study.163.com/course/courseMain.htm?courseId=341003,,
企业会计信息化工作规范,https://study.163.com/course/courseMain.htm?courseId=754003,,
【简快阅读17】《成功者的大脑》你也可以拥有,https://study.163.com/course/courseMain.htm?courseId=948001,,
PHP3小时光速入门,https://study.163.com/course/courseMain.htm?courseId=462001,,
工作中的结果思维,https://study.163.com/course/courseMain.htm?courseId=883035,,
oeasy教你玩转Audition,https://study.163.com/course/courseMain.htm?courseId=266005,,
魔法课堂：服饰类,https://study.163.com/course/courseMain.htm?courseId=302003,0,0
海报设计：Photoshop名师李涛北大讲座,https://study.163.com/course/courseMain.htm?courseId=293002,0,0
手绘画系列教程,https://study.163.com/course/courseMain.htm?courseId=213004,0,0
面向对象软件开发实践之基本技能训练,https://mooc.study.163.com/learn/term/1000003016.htm,,
组织优化与岗位分析,https://study.163.com/course/courseMain.htm?courseId=716019,,
电话礼仪,https://study.163.com/course/courseMain.htm?courseId=882059,,
jQuery设计思想,https://study.163.com/course/courseMain.htm?courseId=232003,,
怎样把工作分解后管理,https://study.163.com/course/courseMain.htm?courseId=861004,,
谈笑间学会Javascript,https://study.163.com/course/courseMain.htm?courseId=854080,,
职场，如何散发个人魅力之男士服饰礼仪,https://study.163.com/course/courseMain.htm?courseId=876025,,
TOC801：IT的下一个十年,https://study.163.com/course/courseMain.htm?courseId=226006,,
五星大厨私家厨房,https://study.163.com/course/courseMain.htm?courseId=235002,0,0
【IT客学院】走进网络营销,https://study.163.com/course/courseMain.htm?courseId=529017,0,0
走进百度,https://study.163.com/course/courseMain.htm?courseId=244007,0,0
AE视频后期制作：玩转AE特效视频,https://study.163.com/course/courseMain.htm?courseId=647009,0,0
EXCEL职场进阶技巧 EXCEL技巧,https://study.163.com/course/courseMain.htm?courseId=540009,0,0
学会与孩子非暴力沟通,https://study.163.com/course/courseMain.htm?courseId=1565007,0,0
中国家长教育孩子的误区有哪些？,https://study.163.com/course/courseMain.htm?courseId=861002,0,0
亲子沟通秘笈《微亲子》第二季,https://study.163.com/course/courseMain.htm?courseId=797006,0,0
瓶中的小彩珠——0-4个月宝宝,https://study.163.com/course/courseMain.htm?courseId=999029,0,0
学说话——5-8个月宝宝,https://study.163.com/course/courseMain.htm?courseId=999030,0,0
棉花树——9-12个月宝宝,https://study.163.com/course/courseMain.htm?courseId=999031,0,0
不随意打扰——2-3岁宝宝,https://study.163.com/course/courseMain.htm?courseId=998040,0,0
传物游戏——13-16个月宝宝,https://study.163.com/course/courseMain.htm?courseId=999032,0,0
折回跑——17-20个月宝宝,https://study.163.com/course/courseMain.htm?courseId=999034,0,0
叮咚叮咚——21-24个月宝宝,https://study.163.com/course/courseMain.htm?courseId=999035,0,0
月亮的味道——2-3岁宝宝,https://study.163.com/course/courseMain.htm?courseId=999037,0,0
蛋壳画——2-3岁宝宝,https://study.163.com/course/courseMain.htm?courseId=999038,0,0
纸不会掉——2-3岁宝宝,https://study.163.com/course/courseMain.htm?courseId=999040,0,0
五只小青蛙——0-4个月宝宝,https://study.163.com/course/courseMain.htm?courseId=998026,0,0
认物与找物——5-8个月宝宝,https://study.163.com/course/courseMain.htm?courseId=998027,0,0
钻山洞——9-12个月宝宝,https://study.163.com/course/courseMain.htm?courseId=998028,0,0
搂搂抱抱——9-12个月宝宝,https://study.163.com/course/courseMain.htm?courseId=998029,0,0
AE制作MAD/AMV中常见过场效果10小篇,https://study.163.com/course/courseMain.htm?courseId=1003219022,0,0
